1,アマランサス,0.127,0.06,0.649,2020/8/4,2020/8/4
2,あわ,0.112,0.044,0.697,2020/8/4,2020/8/4
3,あわもち,0.051,0.013,0.453,2020/8/4,2020/8/4
4,オートミール,0.137,0.057,0.691,2020/8/4,2020/8/4
5,七分つき押麦(大麦),0.109,0.021,0.721,2020/8/4,2020/8/4
6,大麦(押麦),0.062,0.013,0.778,2020/8/4,2020/8/4
7,大麦,0.07,0.021,0.762,2020/8/4,2020/8/4
8,乾,0.129,0.017,0.68,2020/8/4,2020/8/4
9,大麦めん,0.048,0.006,0.243,2020/8/4,2020/8/4
10,麦こがし,0.125,0.05,0.771,2020/8/4,2020/8/4
11,きび,0.113,0.033,0.709,2020/8/4,2020/8/4
12,小麦,0.106,0.031,0.722,2020/8/4,2020/8/4
13,薄力粉(1等),0.083,0.015,0.758,2020/8/4,2020/8/4
14,薄力粉(2等),0.093,0.019,0.743,2020/8/4,2020/8/4
15,中力粉(1等),0.09,0.016,0.751,2020/8/4,2020/8/4
16,中力粉(2等),0.097,0.018,0.74,2020/8/4,2020/8/4
17,強力粉(1等),0.118,0.015,0.717,2020/8/4,2020/8/4
18,強力粉(2等),0.126,0.017,0.706,2020/8/4,2020/8/4
19,全粒粉,0.128,0.029,0.682,2020/8/4,2020/8/4
20,お好み焼き粉,0.101,0.019,0.736,2020/8/4,2020/8/4
21,ホットケーキ粉,0.078,0.04,0.744,2020/8/4,2020/8/4
22,から揚げ粉,0.102,0.012,0.7,2020/8/4,2020/8/4
23,てんぷら粉,0.088,0.013,0.761,2020/8/4,2020/8/4
24,食パン,0.093,0.044,0.467,2020/8/4,2020/8/4
25,コッペパン,0.085,0.038,0.491,2020/8/4,2020/8/4
26,乾パン,0.095,0.044,0.788,2020/8/4,2020/8/4
27,フランスパン,0.094,0.013,0.575,2020/8/4,2020/8/4
28,ライ麦パン,0.084,0.022,0.527,2020/8/4,2020/8/4
29,ぶどうパン,0.082,0.035,0.511,2020/8/4,2020/8/4
30,ロールパン,0.101,0.09,0.486,2020/8/4,2020/8/4
31,クロワッサン,0.079,0.268,0.439,2020/8/4,2020/8/4
32,イングリッシュマフィン,0.081,0.036,0.408,2020/8/4,2020/8/4
33,ナン,0.103,0.034,0.476,2020/8/4,2020/8/4
34,ベーグル,0.096,0.02,0.546,2020/8/4,2020/8/4
35,うどん,0.026,0.004,0.216,2020/8/4,2020/8/4
36,干しうどん,0.031,0.005,0.258,2020/8/4,2020/8/4
37,そうめん,0.035,0.004,0.258,2020/8/4,2020/8/4
38,手延そうめん,0.035,0.006,0.255,2020/8/4,2020/8/4
39,中華めん,0.049,0.006,0.292,2020/8/4,2020/8/4
40,蒸し中華めん,0.053,0.017,0.384,2020/8/4,2020/8/4
41,干し中華めん,0.041,0.005,0.281,2020/8/4,2020/8/4
42,沖縄そば,0.052,0.008,0.28,2020/8/4,2020/8/4
43,干し沖縄そば,0.052,0.006,0.286,2020/8/4,2020/8/4
44,インスタントラーメン(麺),0.101,0.191,0.614,2020/8/4,2020/8/4
45,インスタントラーメン(ノンフライ麺),0.103,0.052,0.671,2020/8/4,2020/8/4
46,カップラーメン(麺),0.107,0.197,0.569,2020/8/4,2020/8/4
47,カップ焼きそば(麺),0.084,0.189,0.581,2020/8/4,2020/8/4
48,カップラーメン(ノンフライ麺),0.09,0.064,0.622,2020/8/4,2020/8/4
49,カップうどん,0.109,0.201,0.566,2020/8/4,2020/8/4
50,マカロニ・スパゲッティ,0.054,0.009,0.32,2020/8/4,2020/8/4
51,生パスタ,0.078,0.019,0.469,2020/8/4,2020/8/4
52,生ふ,0.127,0.008,0.262,2020/8/4,2020/8/4
53,釜焼きふ,0.285,0.027,0.569,2020/8/4,2020/8/4
54,板ふ,0.256,0.033,0.573,2020/8/4,2020/8/4
55,車ふ,0.302,0.034,0.542,2020/8/4,2020/8/4
56,小麦はいが,0.32,0.116,0.483,2020/8/4,2020/8/4
57,小麦たんぱく(粉末),0.72,0.097,0.106,2020/8/4,2020/8/4
58,小麦たんぱく(粒),0.2,0.02,0.018,2020/8/4,2020/8/4
59,小麦たんぱく(ペースト),0.25,0.041,0.039,2020/8/4,2020/8/4
60,ぎょうざの皮,0.093,0.014,0.57,2020/8/4,2020/8/4
61,しゅうまいの皮,0.083,0.014,0.589,2020/8/4,2020/8/4
62,ピザ生地,0.091,0.03,0.511,2020/8/4,2020/8/4
63,ちくわぶ,0.071,0.012,0.311,2020/8/4,2020/8/4
64,パン粉(生),0.11,0.051,0.476,2020/8/4,2020/8/4
65,パン粉(半生),0.125,0.058,0.543,2020/8/4,2020/8/4
66,パン粉(乾燥),0.146,0.068,0.634,2020/8/4,2020/8/4
67,冷麺,0.039,0.007,0.576,2020/8/4,2020/8/4
68,玄米,0.028,0.01,0.356,2020/8/4,2020/8/4
69,半つき米,0.027,0.006,0.364,2020/8/4,2020/8/4
70,七分つき米,0.026,0.005,0.367,2020/8/4,2020/8/4
71,うるち米,0.025,0.003,0.371,2020/8/4,2020/8/4
72,もち米,0.035,0.005,0.439,2020/8/4,2020/8/4
73,はいが精米,0.027,0.006,0.364,2020/8/4,2020/8/4
74,うるち米,0.03,0.014,0.35,2020/8/4,2020/8/4
75,おかゆ(玄米),0.012,0.004,0.152,2020/8/4,2020/8/4
76,おかゆ(半つき米),0.011,0.003,0.155,2020/8/4,2020/8/4
77,おかゆ(七分つき米),0.011,0.002,0.156,2020/8/4,2020/8/4
78,おかゆ(精白米),0.011,0.001,0.157,2020/8/4,2020/8/4
79,五分おかゆ(玄米),0.006,0.002,0.076,2020/8/4,2020/8/4
80,五分おかゆ(半つき米),0.006,0.001,0.077,2020/8/4,2020/8/4
81,五分おかゆ(七分つき米),0.006,0.001,0.077,2020/8/4,2020/8/4
82,五分おかゆ(精白米),0.005,0.001,0.079,2020/8/4,2020/8/4
83,おもゆ(玄米),0.004,0.001,0.044,2020/8/4,2020/8/4
84,おもゆ(半つき米),0.003,0.001,0.046,2020/8/4,2020/8/4
85,おもゆ(七分つき米),0.003,0.001,0.046,2020/8/4,2020/8/4
86,おもゆ(精白米),0.003,0,0.047,2020/8/4,2020/8/4
87,おにぎり,0.027,0.003,0.394,2020/8/4,2020/8/4
88,焼きおにぎり,0.031,0.003,0.395,2020/8/4,2020/8/4
89,きりたんぽ,0.032,0.004,0.462,2020/8/4,2020/8/4
90,上新粉,0.062,0.009,0.785,2020/8/4,2020/8/4
91,玄米粉,0.071,0.029,0.841,2020/8/4,2020/8/4
92,米粉,0.06,0.007,0.819,2020/8/4,2020/8/4
93,米粉パン,0.034,0.031,0.513,2020/8/4,2020/8/4
94,米粉めん,0.036,0.007,0.584,2020/8/4,2020/8/4
95,ビーフン,0.07,0.016,0.799,2020/8/4,2020/8/4
96,米こうじ,0.058,0.017,0.592,2020/8/4,2020/8/4
97,もち,0.04,0.006,0.508,2020/8/4,2020/8/4
98,赤飯,0.043,0.006,0.419,2020/8/4,2020/8/4
99,あくまき,0.023,0.018,0.257,2020/8/4,2020/8/4
100,白玉粉,0.063,0.01,0.8,2020/8/4,2020/8/4
101,道明寺粉,0.071,0.007,0.804,2020/8/4,2020/8/4
102,米ぬか,0.134,0.196,0.488,2020/8/4,2020/8/4
103,そば粉(全層粉),0.12,0.031,0.696,2020/8/4,2020/8/4
104,そば粉(内層粉),0.06,0.016,0.776,2020/8/4,2020/8/4
105,そば粉(中層粉),0.102,0.027,0.716,2020/8/4,2020/8/4
106,そば粉(表層粉),0.15,0.036,0.651,2020/8/4,2020/8/4
107,そば米,0.096,0.025,0.737,2020/8/4,2020/8/4
108,そば,0.048,0.01,0.26,2020/8/4,2020/8/4
109,干しそば,0.048,0.007,0.221,2020/8/4,2020/8/4
110,とうもろこし(黄色),0.086,0.05,0.706,2020/8/4,2020/8/4
111,とうもろこし(白色),0.086,0.05,0.706,2020/8/4,2020/8/4
112,コーンミール(黄色),0.083,0.04,0.724,2020/8/4,2020/8/4
113,コーンミール(白色),0.083,0.04,0.724,2020/8/4,2020/8/4
114,コーングリッツ(黄色),0.082,0.01,0.764,2020/8/4,2020/8/4
115,コーングリッツ(白色),0.082,0.01,0.764,2020/8/4,2020/8/4
116,コーンフラワー(黄色),0.066,0.028,0.761,2020/8/4,2020/8/4
117,コーンフラワー(白色),0.066,0.028,0.761,2020/8/4,2020/8/4
118,ポップコーン,0.102,0.228,0.596,2020/8/4,2020/8/4
119,コーンフレーク,0.078,0.017,0.836,2020/8/4,2020/8/4
120,はとむぎ,0.133,0.013,0.722,2020/8/4,2020/8/4
121,ひえ,0.094,0.033,0.732,2020/8/4,2020/8/4
122,もろこし,0.095,0.026,0.741,2020/8/4,2020/8/4
123,ライ麦(全粒粉),0.127,0.027,0.707,2020/8/4,2020/8/4
124,ライ麦粉,0.085,0.016,0.758,2020/8/4,2020/8/4
125,五穀,0.126,0.028,0.702,2020/8/4,2020/8/4
126,きくいも,0.016,0.005,0.113,2020/8/4,2020/8/4
127,精粉(こんにゃく),0.03,0.001,0.853,2020/8/4,2020/8/4
128,こんにゃく,0.001,0,0.023,2020/8/4,2020/8/4
129,生いもこんにゃく,0.001,0.001,0.033,2020/8/4,2020/8/4
130,赤こんにゃく,0.001,0,0.025,2020/8/4,2020/8/4
131,凍みこんにゃく,0.007,0.003,0.168,2020/8/4,2020/8/4
132,しらたき,0.002,0,0.03,2020/8/4,2020/8/4
133,さつまいも,0.012,0.002,0.319,2020/8/4,2020/8/4
134,焼きいも,0.014,0.002,0.39,2020/8/4,2020/8/4
135,干し芋,0.031,0.006,0.719,2020/8/4,2020/8/4
136,むらさきいも,0.012,0.003,0.314,2020/8/4,2020/8/4
137,さといも,0.015,0.001,0.134,2020/8/4,2020/8/4
138,セレベス,0.021,0.003,0.191,2020/8/4,2020/8/4
139,たけのこいも,0.016,0.004,0.218,2020/8/4,2020/8/4
140,みずいも,0.007,0.004,0.261,2020/8/4,2020/8/4
141,やつがしら,0.027,0.006,0.2,2020/8/4,2020/8/4
142,じゃがいも,0.015,0.001,0.197,2020/8/4,2020/8/4
143,フライドポテト,0.029,0.106,0.324,2020/8/4,2020/8/4
144,乾燥マッシュポテト,0.066,0.006,0.828,2020/8/4,2020/8/4
145,ヤーコン,0.006,0.003,0.099,2020/8/4,2020/8/4
146,いちょういも,0.045,0.005,0.226,2020/8/4,2020/8/4
147,ながいも,0.02,0.003,0.126,2020/8/4,2020/8/4
148,やまといも,0.045,0.002,0.271,2020/8/4,2020/8/4
149,じねんじょ,0.028,0.007,0.267,2020/8/4,2020/8/4
150,だいじょ,0.026,0.001,0.25,2020/8/4,2020/8/4
151,キャッサバでん粉,0.001,0.002,0.853,2020/8/4,2020/8/4
152,くず粉,0.002,0.002,0.856,2020/8/4,2020/8/4
153,米でん粉,0.002,0.007,0.893,2020/8/4,2020/8/4
154,小麦でん粉,0.002,0.005,0.86,2020/8/4,2020/8/4
155,サゴでん粉,0.001,0.002,0.861,2020/8/4,2020/8/4
156,さつまいもでん粉,0.001,0.002,0.82,2020/8/4,2020/8/4
157,片栗粉,0.001,0.001,0.816,2020/8/4,2020/8/4
158,コーンスターチ,0.001,0.007,0.863,2020/8/4,2020/8/4
159,くずきり,0.001,0.001,0.333,2020/8/4,2020/8/4
160,ごま豆腐,0.015,0.043,0.091,2020/8/4,2020/8/4
161,タピオカパール,0,0,0.154,2020/8/4,2020/8/4
162,でん粉めん,0,0.002,0.206,2020/8/4,2020/8/4
163,緑豆はるさめ,0,0.001,0.206,2020/8/4,2020/8/4
164,はるさめ,0,0,0.199,2020/8/4,2020/8/4
165,黒砂糖,0.017,0,0.897,2020/8/4,2020/8/4
166,和三盆糖,0.002,0,0.988,2020/8/4,2020/8/4
167,上白糖,0,0,0.992,2020/8/4,2020/8/4
168,三温糖,0,0,0.987,2020/8/4,2020/8/4
169,グラニュー糖,0,0,1,2020/8/4,2020/8/4
170,白ざら糖,0,0,1,2020/8/4,2020/8/4
171,中ざら糖,0,0,1,2020/8/4,2020/8/4
172,角砂糖,0,0,1,2020/8/4,2020/8/4
173,氷砂糖,0,0,1,2020/8/4,2020/8/4
174,コーヒーシュガー,0.001,0,0.999,2020/8/4,2020/8/4
175,粉糖,0,0,0.997,2020/8/4,2020/8/4
176,氷糖みつ,0.002,0,0.682,2020/8/4,2020/8/4
177,粉あめ,0,0,0.97,2020/8/4,2020/8/4
178,水あめ(酵素糖化),0,0,0.85,2020/8/4,2020/8/4
179,水あめ,0,0,0.85,2020/8/4,2020/8/4
180,黒蜜,0.01,0,0.505,2020/8/4,2020/8/4
181,はちみつ,0.002,0,0.797,2020/8/4,2020/8/4
182,メープルシロップ,0.001,0,0.663,2020/8/4,2020/8/4
183,あずき,0.089,0.01,0.242,2020/8/4,2020/8/4
184,こしあん,0.098,0.006,0.271,2020/8/4,2020/8/4
185,さらしあん,0.262,0.01,0.668,2020/8/4,2020/8/4
186,つぶしあん,0.056,0.006,0.54,2020/8/4,2020/8/4
187,いんげんまめ,0.085,0.01,0.248,2020/8/4,2020/8/4
188,うずら豆,0.067,0.013,0.496,2020/8/4,2020/8/4
189,こしあん(いんげん),0.094,0.009,0.27,2020/8/4,2020/8/4
190,豆きんとん,0.049,0.005,0.562,2020/8/4,2020/8/4
191,青えんどう,0.092,0.01,0.252,2020/8/4,2020/8/4
192,赤えんどう,0.092,0.01,0.252,2020/8/4,2020/8/4
193,グリンピース,0.208,0.116,0.588,2020/8/4,2020/8/4
194,塩豆,0.233,0.024,0.615,2020/8/4,2020/8/4
195,うぐいす豆,0.056,0.007,0.529,2020/8/4,2020/8/4
196,ささげ,0.102,0.009,0.238,2020/8/4,2020/8/4
197,そらまめ,0.26,0.02,0.559,2020/8/4,2020/8/4
198,フライビーンズ,0.247,0.208,0.464,2020/8/4,2020/8/4
199,おたふく豆,0.079,0.012,0.522,2020/8/4,2020/8/4
200,ふき豆,0.096,0.016,0.525,2020/8/4,2020/8/4
201,しょうゆ豆,0.098,0.009,0.371,2020/8/4,2020/8/4
202,黄大豆,0.338,0.197,0.295,2020/8/4,2020/8/4
203,黒大豆,0.339,0.181,0.308,2020/8/4,2020/8/4
204,黄大豆,0.148,0.098,0.084,2020/8/4,2020/8/4
205,きな粉,0.367,0.257,0.285,2020/8/4,2020/8/4
206,大豆はいが,0.378,0.147,0.395,2020/8/4,2020/8/4
207,ぶどう豆,0.141,0.094,0.37,2020/8/4,2020/8/4
208,木綿豆腐,0.066,0.042,0.016,2020/8/4,2020/8/4
209,絹ごし豆腐,0.049,0.03,0.02,2020/8/4,2020/8/4
210,ソフト豆腐,0.051,0.033,0.02,2020/8/4,2020/8/4
211,充てん豆腐,0.05,0.031,0.025,2020/8/4,2020/8/4
212,沖縄豆腐,0.091,0.072,0.007,2020/8/4,2020/8/4
213,ゆし豆腐,0.043,0.028,0.017,2020/8/4,2020/8/4
214,焼き豆腐,0.078,0.057,0.01,2020/8/4,2020/8/4
215,生揚げ,0.107,0.113,0.009,2020/8/4,2020/8/4
216,油揚げ,0.234,0.344,0.004,2020/8/4,2020/8/4
217,がんもどき,0.153,0.178,0.016,2020/8/4,2020/8/4
218,高野豆腐,0.505,0.341,0.042,2020/8/4,2020/8/4
219,豆腐竹輪,0.149,0.044,0.067,2020/8/4,2020/8/4
220,ろくじょう豆腐,0.347,0.215,0.038,2020/8/4,2020/8/4
221,納豆,0.165,0.1,0.121,2020/8/4,2020/8/4
222,挽きわり納豆,0.166,0.1,0.105,2020/8/4,2020/8/4
223,五斗納豆,0.153,0.081,0.24,2020/8/4,2020/8/4
224,寺納豆,0.186,0.081,0.315,2020/8/4,2020/8/4
225,おから(生),0.061,0.036,0.138,2020/8/4,2020/8/4
226,おから(乾燥),0.231,0.136,0.523,2020/8/4,2020/8/4
227,豆乳,0.036,0.02,0.031,2020/8/4,2020/8/4
228,調製豆乳,0.032,0.036,0.048,2020/8/4,2020/8/4
229,豆乳飲料・麦芽コーヒー,0.022,0.022,0.078,2020/8/4,2020/8/4
230,生湯葉,0.218,0.137,0.041,2020/8/4,2020/8/4
231,湯葉(湯戻し),0.157,0.106,0.001,2020/8/4,2020/8/4
232,金山寺みそ,0.069,0.032,0.5,2020/8/4,2020/8/4
233,ひしおみそ,0.065,0.027,0.388,2020/8/4,2020/8/4
234,テンペ,0.158,0.09,0.154,2020/8/4,2020/8/4
235,つるあずき,0.097,0.01,0.275,2020/8/4,2020/8/4
236,ひよこまめ,0.095,0.025,0.274,2020/8/4,2020/8/4
237,べにばないんげん,0.062,0.006,0.223,2020/8/4,2020/8/4
238,らいまめ,0.096,0.009,0.26,2020/8/4,2020/8/4
239,りょくとう,0.102,0.006,0.225,2020/8/4,2020/8/4
240,レンズまめ,0.112,0.008,0.291,2020/8/4,2020/8/4
241,生アーモンド,0.196,0.518,0.209,2020/8/4,2020/8/4
242,素焼きアーモンド,0.203,0.541,0.207,2020/8/4,2020/8/4
243,あさ,0.295,0.279,0.313,2020/8/4,2020/8/4
244,亜麻仁(煎り),0.219,0.435,0.305,2020/8/4,2020/8/4
245,えごま,0.177,0.434,0.294,2020/8/4,2020/8/4
246,カシューナッツ,0.198,0.476,0.267,2020/8/4,2020/8/4
247,かや,0.087,0.649,0.226,2020/8/4,2020/8/4
248,ぎんなん(生),0.047,0.016,0.348,2020/8/4,2020/8/4
249,ぎんなん(ゆで),0.046,0.015,0.358,2020/8/4,2020/8/4
250,栗(生),0.028,0.005,0.369,2020/8/4,2020/8/4
251,栗(ゆで),0.035,0.006,0.367,2020/8/4,2020/8/4
252,甘露煮,0.018,0.004,0.568,2020/8/4,2020/8/4
253,甘ぐり,0.049,0.009,0.485,2020/8/4,2020/8/4
254,くるみ,0.146,0.688,0.117,2020/8/4,2020/8/4
255,けし,0.193,0.491,0.218,2020/8/4,2020/8/4
256,ココナッツパウダー,0.061,0.658,0.237,2020/8/4,2020/8/4
257,ごま,0.198,0.519,0.184,2020/8/4,2020/8/4
258,いりごま,0.203,0.542,0.185,2020/8/4,2020/8/4
259,ねりごま,0.205,0.547,0.187,2020/8/4,2020/8/4
260,しい,0.032,0.008,0.576,2020/8/4,2020/8/4
261,とち,0.017,0.019,0.342,2020/8/4,2020/8/4
262,蓮(乾),0.183,0.023,0.643,2020/8/4,2020/8/4
263,蓮(ゆで),0.073,0.008,0.25,2020/8/4,2020/8/4
264,ひし,0.058,0.005,0.406,2020/8/4,2020/8/4
265,ピスタチオ,0.174,0.561,0.209,2020/8/4,2020/8/4
266,ひまわり,0.201,0.563,0.172,2020/8/4,2020/8/4
267,ブラジルナッツ,0.149,0.691,0.096,2020/8/4,2020/8/4
268,ヘーゼルナッツ,0.136,0.693,0.139,2020/8/4,2020/8/4
269,ペカン,0.096,0.734,0.133,2020/8/4,2020/8/4
270,マカダミアナッツ,0.083,0.767,0.122,2020/8/4,2020/8/4
271,松(生),0.158,0.682,0.106,2020/8/4,2020/8/4
272,松(いり),0.146,0.725,0.081,2020/8/4,2020/8/4
273,らっかせい,0.254,0.475,0.188,2020/8/4,2020/8/4
274,バターピーナッツ,0.255,0.513,0.182,2020/8/4,2020/8/4
275,ピーナッツバター,0.254,0.507,0.205,2020/8/4,2020/8/4
276,アーティチョーク(生),0.023,0.002,0.113,2020/8/4,2020/8/4
277,アーティチョーク(ゆで),0.021,0.001,0.108,2020/8/4,2020/8/4
278,あさつき(生),0.042,0.003,0.056,2020/8/4,2020/8/4
279,あさつき(ゆで),0.042,0.003,0.073,2020/8/4,2020/8/4
280,あしたば(生),0.033,0.001,0.067,2020/8/4,2020/8/4
281,あしたば(ゆで),0.029,0.001,0.066,2020/8/4,2020/8/4
282,アスパラガス(生),0.026,0.002,0.039,2020/8/4,2020/8/4
283,アスパラガス(焼き),0.029,0.039,0.041,2020/8/4,2020/8/4
284,ホワイトアスパラガス,0.024,0.001,0.043,2020/8/4,2020/8/4
285,アロエ,0,0.001,0.007,2020/8/4,2020/8/4
286,さやいんげん(生),0.018,0.001,0.051,2020/8/4,2020/8/4
287,さやいんげん(ゆで),0.018,0.002,0.055,2020/8/4,2020/8/4
288,うど,0.008,0.001,0.043,2020/8/4,2020/8/4
289,やまうど,0.011,0.001,0.043,2020/8/4,2020/8/4
290,えだまめ(生),0.117,0.062,0.088,2020/8/4,2020/8/4
291,えだまめ(ゆで),0.115,0.061,0.089,2020/8/4,2020/8/4
292,エンダイブ,0.012,0.002,0.029,2020/8/4,2020/8/4
293,スプラウト(豆苗、生),0.038,0.004,0.04,2020/8/4,2020/8/4
294,豆苗(豆、生),0.038,0.004,0.032,2020/8/4,2020/8/4
295,豆苗(豆、ゆで),0.036,0.006,0.038,2020/8/4,2020/8/4
296,豆苗(豆、焼き),0.05,0.059,0.043,2020/8/4,2020/8/4
297,さやえんどう(生),0.031,0.002,0.075,2020/8/4,2020/8/4
298,さやえんどう(ゆで),0.032,0.002,0.07,2020/8/4,2020/8/4
299,スナップえんどう(生),0.029,0.001,0.099,2020/8/4,2020/8/4
300,グリンピース(生),0.069,0.004,0.153,2020/8/4,2020/8/4
301,グリンピース(ゆで),0.083,0.002,0.185,2020/8/4,2020/8/4
302,グリンピース(冷凍),0.056,0.007,0.172,2020/8/4,2020/8/4
303,おおさかしろな(生),0.014,0.002,0.022,2020/8/4,2020/8/4
304,おおさかしろな(ゆで),0.016,0.003,0.031,2020/8/4,2020/8/4
305,おかひじき(生),0.014,0.002,0.034,2020/8/4,2020/8/4
306,おかひじき(ゆで),0.012,0.001,0.038,2020/8/4,2020/8/4
307,オクラ(生),0.021,0.002,0.066,2020/8/4,2020/8/4
308,オクラ(ゆで),0.021,0.001,0.076,2020/8/4,2020/8/4
309,かぶ(葉、生),0.023,0.001,0.039,2020/8/4,2020/8/4
310,かぶ(葉、ゆで),0.023,0.001,0.044,2020/8/4,2020/8/4
311,かぶ(生),0.006,0.001,0.048,2020/8/4,2020/8/4
312,かぶ(ゆで),0.006,0.001,0.05,2020/8/4,2020/8/4
313,漬物(かぶ、葉),0.023,0.002,0.06,2020/8/4,2020/8/4
314,漬物(かぶ、根),0.008,0.001,0.047,2020/8/4,2020/8/4
315,ぬか漬(かぶ、葉),0.033,0.001,0.071,2020/8/4,2020/8/4
316,ぬか漬(かぶ、根),0.014,0.001,0.069,2020/8/4,2020/8/4
317,日本かぼちゃ,0.019,0.001,0.133,2020/8/4,2020/8/4
318,西洋かぼちゃ,0.016,0.003,0.213,2020/8/4,2020/8/4
319,そうめんかぼちゃ,0.007,0.001,0.061,2020/8/4,2020/8/4
320,からしな,0.033,0.001,0.047,2020/8/4,2020/8/4
321,塩漬(からしな),0.04,0.001,0.072,2020/8/4,2020/8/4
322,カリフラワー(生),0.03,0.001,0.052,2020/8/4,2020/8/4
323,カリフラワー(ゆで),0.027,0.001,0.051,2020/8/4,2020/8/4
324,かんぴょう,0.007,0,0.072,2020/8/4,2020/8/4
325,きく(生),0.014,0,0.065,2020/8/4,2020/8/4
326,きく(ゆで),0.01,0,0.057,2020/8/4,2020/8/4
327,菊のり,0.116,0.002,0.735,2020/8/4,2020/8/4
328,キャベツ(生),0.013,0.002,0.052,2020/8/4,2020/8/4
329,キャベツ(ゆで),0.009,0.002,0.046,2020/8/4,2020/8/4
330,グリーンボール,0.014,0.001,0.043,2020/8/4,2020/8/4
331,レッドキャベツ,0.02,0.001,0.067,2020/8/4,2020/8/4
332,きゅうり,0.01,0.001,0.03,2020/8/4,2020/8/4
333,塩漬(きゅうり),0.01,0.001,0.037,2020/8/4,2020/8/4
334,しょうゆ漬(きゅうり),0.032,0.004,0.108,2020/8/4,2020/8/4
335,ぬか漬(きゅうり),0.015,0.001,0.062,2020/8/4,2020/8/4
336,スイートピクルス,0.003,0.001,0.183,2020/8/4,2020/8/4
337,サワーピクルス,0.014,0,0.025,2020/8/4,2020/8/4
338,ぎょうじゃにんにく,0.035,0.002,0.066,2020/8/4,2020/8/4
339,キンサイ(生),0.011,0.004,0.035,2020/8/4,2020/8/4
340,キンサイ(ゆで),0.011,0.004,0.035,2020/8/4,2020/8/4
341,クレソン,0.021,0.001,0.025,2020/8/4,2020/8/4
342,くわい(生),0.063,0.001,0.266,2020/8/4,2020/8/4
343,くわい(ゆで),0.062,0.001,0.272,2020/8/4,2020/8/4
344,ケール,0.021,0.004,0.056,2020/8/4,2020/8/4
345,コールラビ(生),0.01,0,0.051,2020/8/4,2020/8/4
346,コールラビ(ゆで),0.01,0,0.052,2020/8/4,2020/8/4
347,こごみ,0.03,0.002,0.053,2020/8/4,2020/8/4
348,ごぼう(生),0.018,0.001,0.154,2020/8/4,2020/8/4
349,ごぼう(ゆで),0.015,0.002,0.137,2020/8/4,2020/8/4
350,こまつな(生),0.015,0.002,0.024,2020/8/4,2020/8/4
351,こまつな(ゆで),0.016,0.001,0.03,2020/8/4,2020/8/4
352,漬物(ザーサイ),0.025,0.001,0.046,2020/8/4,2020/8/4
353,さんとうさい(生),0.01,0.002,0.027,2020/8/4,2020/8/4
354,さんとうさい(ゆで),0.014,0.003,0.029,2020/8/4,2020/8/4
355,塩漬(さんとうさい),0.015,0.003,0.04,2020/8/4,2020/8/4
356,しかくまめ,0.024,0.001,0.038,2020/8/4,2020/8/4
357,ししとう(生),0.019,0.003,0.057,2020/8/4,2020/8/4
358,ししとう(焼),0.019,0.032,0.058,2020/8/4,2020/8/4
359,しそ(葉),0.039,0.001,0.075,2020/8/4,2020/8/4
360,しそ(実),0.034,0.001,0.089,2020/8/4,2020/8/4
361,じゅうろくささげ(生),0.025,0.001,0.048,2020/8/4,2020/8/4
362,じゅうろくささげ(ゆで),0.028,0.001,0.062,2020/8/4,2020/8/4
363,しゅんぎく(生),0.023,0.003,0.039,2020/8/4,2020/8/4
364,しゅんぎく(ゆで),0.027,0.005,0.045,2020/8/4,2020/8/4
365,じゅんさい,0.004,0,0.01,2020/8/4,2020/8/4
366,葉しょうが,0.005,0.002,0.021,2020/8/4,2020/8/4
367,しょうが,0.009,0.003,0.066,2020/8/4,2020/8/4
368,酢漬(しょうが),0.002,0.004,0.04,2020/8/4,2020/8/4
369,甘酢漬(しょうが),0.002,0.003,0.125,2020/8/4,2020/8/4
370,しろうり,0.009,0.001,0.033,2020/8/4,2020/8/4
371,塩漬(しろうり),0.01,0.001,0.037,2020/8/4,2020/8/4
372,奈良漬(しろうり),0.045,0.001,0.408,2020/8/4,2020/8/4
373,ずいき(生),0.005,0,0.041,2020/8/4,2020/8/4
374,ずいき(ゆで),0.004,0,0.031,2020/8/4,2020/8/4
375,すぐきな(葉、生),0.019,0.002,0.054,2020/8/4,2020/8/4
376,すぐきな(根、生),0.006,0.001,0.047,2020/8/4,2020/8/4
377,すぐき漬,0.026,0.007,0.061,2020/8/4,2020/8/4
378,ズッキーニ,0.013,0.001,0.028,2020/8/4,2020/8/4
379,せり(生),0.02,0.001,0.033,2020/8/4,2020/8/4
380,せり(ゆで),0.021,0.001,0.034,2020/8/4,2020/8/4
381,セロリ,0.004,0.001,0.036,2020/8/4,2020/8/4
382,ぜんまい(生),0.017,0.001,0.066,2020/8/4,2020/8/4
383,ぜんまい(ゆで),0.011,0.004,0.041,2020/8/4,2020/8/4
384,そらまめ(生),0.109,0.002,0.155,2020/8/4,2020/8/4
385,そらまめ(ゆで),0.105,0.002,0.169,2020/8/4,2020/8/4
386,タアサイ(生),0.013,0.002,0.022,2020/8/4,2020/8/4
387,タアサイ(ゆで),0.011,0.002,0.023,2020/8/4,2020/8/4
388,かいわれだいこん,0.021,0.005,0.033,2020/8/4,2020/8/4
389,葉だいこん,0.02,0.002,0.033,2020/8/4,2020/8/4
390,だいこん(葉、生),0.022,0.001,0.053,2020/8/4,2020/8/4
391,だいこん(葉、ゆで),0.022,0.001,0.054,2020/8/4,2020/8/4
392,だいこん(根、生),0.004,0.001,0.041,2020/8/4,2020/8/4
393,だいこん(根、ゆで),0.005,0.001,0.04,2020/8/4,2020/8/4
394,切干しだいこん(ゆで),0.009,0.001,0.041,2020/8/4,2020/8/4
395,切干しだいこん(焼き),0.015,0.06,0.076,2020/8/4,2020/8/4
396,ぬか漬(切干しだいこん),0.013,0.001,0.067,2020/8/4,2020/8/4
397,たくあん(塩押し),0.012,0.003,0.152,2020/8/4,2020/8/4
398,たくあん(干し),0.019,0.001,0.055,2020/8/4,2020/8/4
399,守口漬,0.053,0.002,0.443,2020/8/4,2020/8/4
400,べったら漬,0.009,0.001,0.14,2020/8/4,2020/8/4
401,みそ漬,0.045,0.003,0.163,2020/8/4,2020/8/4
402,福神漬,0.027,0.001,0.333,2020/8/4,2020/8/4
403,つまみな,0.019,0.003,0.036,2020/8/4,2020/8/4
404,たいさい(生),0.009,0.001,0.035,2020/8/4,2020/8/4
405,塩漬(たいさい),0.016,0.001,0.043,2020/8/4,2020/8/4
406,たかな,0.018,0.002,0.042,2020/8/4,2020/8/4
407,たかな漬,0.028,0.002,0.07,2020/8/4,2020/8/4
408,たけのこ(生),0.036,0.002,0.043,2020/8/4,2020/8/4
409,たけのこ(ゆで),0.035,0.002,0.055,2020/8/4,2020/8/4
410,めんま,0.01,0.005,0.036,2020/8/4,2020/8/4
411,たまねぎ(生),0.01,0.001,0.088,2020/8/4,2020/8/4
412,たまねぎ(ゆで),0.008,0.001,0.073,2020/8/4,2020/8/4
413,たまねぎ(焼き),0.014,0.059,0.12,2020/8/4,2020/8/4
414,赤たまねぎ,0.009,0.001,0.09,2020/8/4,2020/8/4
415,葉たまねぎ,0.018,0.004,0.076,2020/8/4,2020/8/4
416,たらのめ(生),0.042,0.002,0.043,2020/8/4,2020/8/4
417,たらのめ(ゆで),0.04,0.002,0.041,2020/8/4,2020/8/4
418,チコリ,0.01,0,0.039,2020/8/4,2020/8/4
419,チンゲンサイ(生),0.006,0.001,0.02,2020/8/4,2020/8/4
420,チンゲンサイ(ゆで),0.009,0.001,0.024,2020/8/4,2020/8/4
421,チンゲンサイ(焼き),0.008,0.032,0.022,2020/8/4,2020/8/4
422,つくし(生),0.035,0.001,0.081,2020/8/4,2020/8/4
423,つくし(ゆで),0.034,0.001,0.067,2020/8/4,2020/8/4
424,つるな,0.018,0.001,0.028,2020/8/4,2020/8/4
425,つるむらさき(生),0.007,0.002,0.026,2020/8/4,2020/8/4
426,つるむらさき(ゆで),0.009,0.002,0.032,2020/8/4,2020/8/4
427,つわぶき(生),0.004,0,0.056,2020/8/4,2020/8/4
428,つわぶき(ゆで),0.003,0,0.044,2020/8/4,2020/8/4
429,とうがらし(葉、生),0.034,0.001,0.072,2020/8/4,2020/8/4
430,とうがらし(葉、焼き),0.04,0.049,0.085,2020/8/4,2020/8/4
431,とうがらし(果実、生),0.039,0.034,0.163,2020/8/4,2020/8/4
432,たかのつめ,0.147,0.12,0.584,2020/8/4,2020/8/4
433,とうがん(生),0.005,0.001,0.038,2020/8/4,2020/8/4
434,とうがん(ゆで),0.006,0.001,0.037,2020/8/4,2020/8/4
435,スイートコーン(生),0.036,0.017,0.168,2020/8/4,2020/8/4
436,スイートコーン(ゆで),0.035,0.017,0.186,2020/8/4,2020/8/4
437,ヤングコーン,0.023,0.002,0.06,2020/8/4,2020/8/4
438,トマト,0.007,0.001,0.047,2020/8/4,2020/8/4
439,ミニトマト,0.011,0.001,0.072,2020/8/4,2020/8/4
440,ホールトマト,0.009,0.002,0.044,2020/8/4,2020/8/4
441,トマトジュース、食塩添加,0.007,0.001,0.04,2020/8/4,2020/8/4
442,トマトジュース、食塩無添加,0.007,0.001,0.04,2020/8/4,2020/8/4
443,ミックスジュース、食塩添加,0.006,0,0.043,2020/8/4,2020/8/4
444,ミックスジュース、食塩無添加,0.006,0,0.043,2020/8/4,2020/8/4
445,トレビス,0.011,0.002,0.039,2020/8/4,2020/8/4
446,とんぶり,0.061,0.035,0.129,2020/8/4,2020/8/4
447,ながさきはくさい(生),0.013,0.001,0.026,2020/8/4,2020/8/4
448,ながさきはくさい(ゆで),0.022,0.001,0.034,2020/8/4,2020/8/4
449,なす(生),0.011,0.001,0.051,2020/8/4,2020/8/4
450,なす(ゆで),0.01,0.001,0.045,2020/8/4,2020/8/4
451,べいなす,0.011,0.001,0.053,2020/8/4,2020/8/4
452,塩漬(べいなす),0.014,0.001,0.052,2020/8/4,2020/8/4
453,ぬか漬(べいなす),0.017,0.001,0.061,2020/8/4,2020/8/4
454,こうじ漬(べいなす),0.055,0.001,0.182,2020/8/4,2020/8/4
455,からし漬(べいなす),0.026,0.002,0.307,2020/8/4,2020/8/4
456,しば漬(べいなす),0.014,0.002,0.07,2020/8/4,2020/8/4
457,なずな,0.043,0.001,0.07,2020/8/4,2020/8/4
458,和種なばな(生),0.044,0.002,0.058,2020/8/4,2020/8/4
459,和種なばな(ゆで),0.047,0.001,0.043,2020/8/4,2020/8/4
460,洋種なばな(生),0.041,0.004,0.06,2020/8/4,2020/8/4
461,洋種なばな(ゆで),0.036,0.004,0.053,2020/8/4,2020/8/4
462,ゴーヤ(生),0.01,0.001,0.039,2020/8/4,2020/8/4
463,ゴーヤ(焼き),0.012,0.033,0.046,2020/8/4,2020/8/4
464,にら(生),0.017,0.003,0.04,2020/8/4,2020/8/4
465,にら(ゆで),0.026,0.005,0.057,2020/8/4,2020/8/4
466,にら(焼き),0.019,0.057,0.049,2020/8/4,2020/8/4
467,花にら,0.019,0.002,0.059,2020/8/4,2020/8/4
468,黄にら,0.021,0.001,0.033,2020/8/4,2020/8/4
469,葉にんじん,0.011,0.002,0.037,2020/8/4,2020/8/4
470,にんじん(生),0.008,0.001,0.087,2020/8/4,2020/8/4
471,にんじん(ゆで),0.007,0.001,0.085,2020/8/4,2020/8/4
472,にんじん(焼き),0.011,0.064,0.124,2020/8/4,2020/8/4
473,グラッセ,0.007,0.014,0.127,2020/8/4,2020/8/4
474,にんじんジュース,0.006,0.001,0.067,2020/8/4,2020/8/4
475,きんとき(生),0.018,0.003,0.097,2020/8/4,2020/8/4
476,きんとき(ゆで),0.019,0.004,0.096,2020/8/4,2020/8/4
477,ミニキャロット,0.007,0.002,0.075,2020/8/4,2020/8/4
478,にんにく(生),0.064,0.009,0.275,2020/8/4,2020/8/4
479,にんにく(焼き),0.082,0.059,0.306,2020/8/4,2020/8/4
480,茎にんにく(生),0.019,0.003,0.106,2020/8/4,2020/8/4
481,茎にんにく(ゆで),0.017,0.002,0.107,2020/8/4,2020/8/4
482,長ね(生),0.014,0.001,0.083,2020/8/4,2020/8/4
483,長ねぎ(ゆで),0.013,0.001,0.068,2020/8/4,2020/8/4
484,長ねぎ(焼き),0.016,0.044,0.095,2020/8/4,2020/8/4
485,葉ねぎ(生),0.019,0.003,0.065,2020/8/4,2020/8/4
486,葉ねぎ(焼き),0.021,0.052,0.079,2020/8/4,2020/8/4
487,こねぎ,0.02,0.003,0.054,2020/8/4,2020/8/4
488,のざわな,0.009,0.001,0.035,2020/8/4,2020/8/4
489,塩漬(のざわな),0.012,0.001,0.041,2020/8/4,2020/8/4
490,のびる,0.032,0.002,0.155,2020/8/4,2020/8/4
491,はくさい(生),0.008,0.001,0.032,2020/8/4,2020/8/4
492,はくさい(ゆで),0.009,0.001,0.029,2020/8/4,2020/8/4
493,塩漬(はくさい),0.014,0.001,0.034,2020/8/4,2020/8/4
494,キムチ,0.028,0.003,0.079,2020/8/4,2020/8/4
495,パクチョイ,0.016,0.002,0.027,2020/8/4,2020/8/4
496,バジル,0.02,0.006,0.04,2020/8/4,2020/8/4
497,パセリ,0.04,0.007,0.078,2020/8/4,2020/8/4
498,ラディッシュ,0.008,0.001,0.031,2020/8/4,2020/8/4
499,はやとうり(白色、生),0.006,0.001,0.049,2020/8/4,2020/8/4
500,はやとうり(緑色、生),0.006,0.001,0.049,2020/8/4,2020/8/4
501,塩漬(はやとうり、白),0.006,0,0.044,2020/8/4,2020/8/4
502,ビーツ(生),0.016,0.001,0.093,2020/8/4,2020/8/4
503,ビーツ(ゆで),0.015,0.001,0.102,2020/8/4,2020/8/4
504,青ピーマン(生),0.009,0.002,0.051,2020/8/4,2020/8/4
505,青ピーマン(焼き),0.009,0.043,0.054,2020/8/4,2020/8/4
506,赤ピーマン(生),0.01,0.002,0.072,2020/8/4,2020/8/4
507,赤ピーマン(焼き),0.01,0.043,0.076,2020/8/4,2020/8/4
508,黄ピーマン(生),0.008,0.002,0.066,2020/8/4,2020/8/4
509,黄ピーマン(焼き),0.008,0.043,0.069,2020/8/4,2020/8/4
510,トマピー,0.01,0.002,0.075,2020/8/4,2020/8/4
511,ひのな(生),0.01,0,0.047,2020/8/4,2020/8/4
512,甘酢漬(ひのな),0.014,0.005,0.173,2020/8/4,2020/8/4
513,ひろしまな(生),0.015,0.002,0.042,2020/8/4,2020/8/4
514,塩漬(ひろしまな),0.012,0.002,0.033,2020/8/4,2020/8/4
515,ふき(生),0.003,0,0.03,2020/8/4,2020/8/4
516,ふき(ゆで),0.003,0,0.019,2020/8/4,2020/8/4
517,ふきのとう(生),0.025,0.001,0.1,2020/8/4,2020/8/4
518,ふきのとう(ゆで),0.025,0.001,0.07,2020/8/4,2020/8/4
519,ふじまめ,0.025,0.001,0.074,2020/8/4,2020/8/4
520,ふだんそう(生),0.02,0.001,0.037,2020/8/4,2020/8/4
521,ふだんそう(ゆで),0.028,0.001,0.054,2020/8/4,2020/8/4
522,ブロッコリー(生),0.043,0.005,0.052,2020/8/4,2020/8/4
523,ブロッコリー(ゆで),0.035,0.004,0.043,2020/8/4,2020/8/4
524,へちま(生),0.008,0.001,0.038,2020/8/4,2020/8/4
525,へちま(ゆで),0.016,0.001,0.037,2020/8/4,2020/8/4
526,ほうれんそう(生),0.022,0.004,0.031,2020/8/4,2020/8/4
527,ほうれんそう(ゆで),0.026,0.005,0.04,2020/8/4,2020/8/4
528,ほうれんそう(焼き),0.038,0.081,0.044,2020/8/4,2020/8/4
529,ホースラディシュ,0.031,0.003,0.177,2020/8/4,2020/8/4
530,まこも,0.013,0.002,0.044,2020/8/4,2020/8/4
531,みずかけな,0.029,0.001,0.047,2020/8/4,2020/8/4
532,塩漬(みずかけな),0.049,0,0.057,2020/8/4,2020/8/4
533,みずな(生),0.022,0.001,0.048,2020/8/4,2020/8/4
534,みずな(ゆで),0.02,0.001,0.047,2020/8/4,2020/8/4
535,塩漬(みずな),0.02,0.001,0.059,2020/8/4,2020/8/4
536,切りみつば(生),0.01,0.001,0.04,2020/8/4,2020/8/4
537,切りみつば(ゆで),0.009,0.001,0.033,2020/8/4,2020/8/4
538,根みつば(生),0.019,0.001,0.041,2020/8/4,2020/8/4
539,根みつば(ゆで),0.023,0.001,0.039,2020/8/4,2020/8/4
540,糸みつば(生),0.009,0.001,0.029,2020/8/4,2020/8/4
541,糸みつば(ゆで),0.011,0,0.04,2020/8/4,2020/8/4
542,みぶな,0.011,0.003,0.029,2020/8/4,2020/8/4
543,みょうが,0.009,0.001,0.026,2020/8/4,2020/8/4
544,みょうがたけ,0.004,0.001,0.015,2020/8/4,2020/8/4
545,むかご,0.029,0.002,0.206,2020/8/4,2020/8/4
546,めキャベツ(生),0.057,0.001,0.099,2020/8/4,2020/8/4
547,めキャベツ(ゆで),0.053,0.001,0.098,2020/8/4,2020/8/4
548,めたで,0.03,0.005,0.088,2020/8/4,2020/8/4
549,アルファルファもやし,0.016,0.001,0.02,2020/8/4,2020/8/4
550,だいずもやし(生),0.037,0.015,0.023,2020/8/4,2020/8/4
551,だいずもやし(ゆで),0.029,0.016,0.022,2020/8/4,2020/8/4
552,ブラックマッペもやし(生),0.02,0,0.027,2020/8/4,2020/8/4
553,ブラックマッペもやし(ゆで),0.013,0,0.027,2020/8/4,2020/8/4
554,りょくとうもやし(生),0.017,0.001,0.026,2020/8/4,2020/8/4
555,りょくとうもやし(ゆで),0.016,0,0.023,2020/8/4,2020/8/4
556,モロヘイヤ(生),0.048,0.005,0.063,2020/8/4,2020/8/4
557,モロヘイヤ(ゆで),0.03,0.004,0.04,2020/8/4,2020/8/4
558,みそ漬(やまごぼう),0.041,0.001,0.156,2020/8/4,2020/8/4
559,ゆりね(生),0.038,0.001,0.283,2020/8/4,2020/8/4
560,ゆりね(ゆで),0.034,0.001,0.287,2020/8/4,2020/8/4
561,ようさい(生),0.022,0.001,0.031,2020/8/4,2020/8/4
562,ようさい(ゆで),0.022,0.001,0.041,2020/8/4,2020/8/4
563,よめな,0.034,0.002,0.1,2020/8/4,2020/8/4
564,よもぎ(生),0.052,0.003,0.087,2020/8/4,2020/8/4
565,よもぎ(ゆで),0.048,0.001,0.082,2020/8/4,2020/8/4
566,らっきょう(生),0.014,0.002,0.293,2020/8/4,2020/8/4
567,甘酢漬(らっきょう),0.007,0.002,0.29,2020/8/4,2020/8/4
568,エシャレット,0.023,0.002,0.178,2020/8/4,2020/8/4
569,リーキ(生),0.016,0.001,0.069,2020/8/4,2020/8/4
570,リーキ(ゆで),0.013,0.001,0.068,2020/8/4,2020/8/4
571,ルッコラ,0.019,0.004,0.031,2020/8/4,2020/8/4
572,ルバーブ(生),0.007,0.001,0.06,2020/8/4,2020/8/4
573,ルバーブ(ゆで),0.005,0.001,0.046,2020/8/4,2020/8/4
574,レタス,0.006,0.001,0.028,2020/8/4,2020/8/4
575,サラダな,0.01,0.002,0.027,2020/8/4,2020/8/4
576,リーフレタス,0.014,0.001,0.033,2020/8/4,2020/8/4
577,サニーレタス,0.012,0.002,0.032,2020/8/4,2020/8/4
578,サンチュ,0.012,0.004,0.025,2020/8/4,2020/8/4
579,コスレタス,0.012,0.002,0.034,2020/8/4,2020/8/4
580,れんこん(生),0.019,0.001,0.155,2020/8/4,2020/8/4
581,れんこん(ゆで),0.013,0.001,0.161,2020/8/4,2020/8/4
582,わけぎ(生),0.016,0,0.074,2020/8/4,2020/8/4
583,わけぎ(ゆで),0.019,0,0.069,2020/8/4,2020/8/4
584,生わさび,0.056,0.002,0.184,2020/8/4,2020/8/4
585,わさび漬,0.071,0.005,0.28,2020/8/4,2020/8/4
586,生わらび(生),0.024,0.001,0.04,2020/8/4,2020/8/4
587,生わらび(ゆで),0.015,0.001,0.03,2020/8/4,2020/8/4
588,あけび(果肉),0.005,0.001,0.22,2020/8/4,2020/8/4
589,あけび(果皮),0.003,0.003,0.086,2020/8/4,2020/8/4
590,アセロラ(酸味種),0.007,0.001,0.09,2020/8/4,2020/8/4
591,アセロラ(甘味種),0.007,0.001,0.09,2020/8/4,2020/8/4
592,アテモヤ,0.018,0.004,0.194,2020/8/4,2020/8/4
593,アボカド,0.025,0.187,0.062,2020/8/4,2020/8/4
594,あんず(生),0.01,0.003,0.085,2020/8/4,2020/8/4
595,あんず(乾),0.092,0.004,0.704,2020/8/4,2020/8/4
596,あんずジャム,0.003,0.001,0.649,2020/8/4,2020/8/4
597,いちご(生),0.009,0.001,0.085,2020/8/4,2020/8/4
598,いちごジャム,0.004,0.001,0.633,2020/8/4,2020/8/4
599,いちご(乾),0.005,0.002,0.828,2020/8/4,2020/8/4
600,いちじく(生),0.006,0.001,0.143,2020/8/4,2020/8/4
601,いちじく(乾),0.03,0.011,0.753,2020/8/4,2020/8/4
602,梅,0.007,0.005,0.079,2020/8/4,2020/8/4
603,梅干し(塩漬),0.009,0.002,0.105,2020/8/4,2020/8/4
604,梅干し(調味漬),0.015,0.006,0.211,2020/8/4,2020/8/4
605,梅びしお,0.007,0.005,0.481,2020/8/4,2020/8/4
606,塩漬(グリーンオリーブ),0.01,0.15,0.045,2020/8/4,2020/8/4
607,塩漬(ブラックオリーブ),0.008,0.123,0.034,2020/8/4,2020/8/4
608,塩漬(スタッフドオリーブ),0.008,0.143,0.042,2020/8/4,2020/8/4
609,甘がき,0.004,0.002,0.159,2020/8/4,2020/8/4
610,干しがき,0.015,0.017,0.713,2020/8/4,2020/8/4
611,かりん,0.004,0.001,0.183,2020/8/4,2020/8/4
612,いよかん,0.009,0.001,0.118,2020/8/4,2020/8/4
613,うんしゅうみかん(早生),0.005,0.001,0.113,2020/8/4,2020/8/4
614,うんしゅうみかん,0.007,0.001,0.115,2020/8/4,2020/8/4
615,ネーブルオレンジ,0.009,0.001,0.118,2020/8/4,2020/8/4
616,バレンシアオレンジ,0.01,0.001,0.098,2020/8/4,2020/8/4
617,マーマレード,0.002,0.001,0.632,2020/8/4,2020/8/4
618,福原オレンジ,0.01,0.001,0.098,2020/8/4,2020/8/4
619,オロブランコ,0.008,0.001,0.101,2020/8/4,2020/8/4
620,かぼす,0.004,0.001,0.085,2020/8/4,2020/8/4
621,かわちばんかん,0.007,0.002,0.088,2020/8/4,2020/8/4
622,きよみ,0.008,0.002,0.103,2020/8/4,2020/8/4
623,きんかん,0.005,0.007,0.175,2020/8/4,2020/8/4
624,グレープフルーツ,0.009,0.001,0.096,2020/8/4,2020/8/4
625,グレープフルーツ(紅肉),0.009,0.001,0.096,2020/8/4,2020/8/4
626,さんぼうかん,0.007,0.003,0.109,2020/8/4,2020/8/4
627,シークヮーサー,0.008,0.001,0.079,2020/8/4,2020/8/4
628,デコポン,0.008,0.002,0.129,2020/8/4,2020/8/4
629,すだち,0.018,0.003,0.164,2020/8/4,2020/8/4
630,せとか,0.008,0.002,0.117,2020/8/4,2020/8/4
631,セミノール,0.011,0.001,0.124,2020/8/4,2020/8/4
632,だいだい,0.003,0.002,0.08,2020/8/4,2020/8/4
633,なつみかん,0.009,0.001,0.1,2020/8/4,2020/8/4
634,はっさく,0.008,0.001,0.115,2020/8/4,2020/8/4
635,はるみ,0.009,0.002,0.121,2020/8/4,2020/8/4
636,ひゅうがなつ,0.006,0.001,0.083,2020/8/4,2020/8/4
637,ぶんたん,0.007,0.001,0.098,2020/8/4,2020/8/4
638,ざぼん漬,0.002,0.001,0.855,2020/8/4,2020/8/4
639,ぽんかん,0.009,0.001,0.099,2020/8/4,2020/8/4
640,ゆず,0.012,0.005,0.142,2020/8/4,2020/8/4
641,ライム,0.004,0.001,0.093,2020/8/4,2020/8/4
642,レモン,0.009,0.007,0.125,2020/8/4,2020/8/4
643,キウイフルーツ,0.01,0.001,0.135,2020/8/4,2020/8/4
644,ゴールデンキウイ,0.011,0.002,0.149,2020/8/4,2020/8/4
645,キワノ,0.015,0.009,0.08,2020/8/4,2020/8/4
646,グァバ(赤肉種),0.006,0.001,0.099,2020/8/4,2020/8/4
647,グァバ(白肉),0.006,0.001,0.099,2020/8/4,2020/8/4
648,グーズベリー,0.01,0.001,0.132,2020/8/4,2020/8/4
649,ぐみ,0.013,0.002,0.172,2020/8/4,2020/8/4
650,ココナッツウォーター,0.002,0.001,0.05,2020/8/4,2020/8/4
651,ココナッツミルク,0.019,0.16,0.028,2020/8/4,2020/8/4
652,ナタデココ,0,0,0.202,2020/8/4,2020/8/4
653,さくらんぼ,0.01,0.002,0.152,2020/8/4,2020/8/4
654,ざくろ,0.002,0,0.155,2020/8/4,2020/8/4
655,すいか,0.006,0.001,0.095,2020/8/4,2020/8/4
656,すいか(黄肉),0.006,0.001,0.095,2020/8/4,2020/8/4
657,スターフルーツ,0.007,0.001,0.075,2020/8/4,2020/8/4
658,にほんすもも,0.006,0.01,0.094,2020/8/4,2020/8/4
659,プルーン,0.007,0.001,0.126,2020/8/4,2020/8/4
660,チェリモヤ,0.013,0.003,0.198,2020/8/4,2020/8/4
661,ドラゴンフルーツ,0.014,0.003,0.118,2020/8/4,2020/8/4
662,ドリアン,0.023,0.033,0.271,2020/8/4,2020/8/4
663,日本なし,0.003,0.001,0.113,2020/8/4,2020/8/4
664,中国なし,0.002,0.001,0.127,2020/8/4,2020/8/4
665,西洋なし,0.003,0.001,0.144,2020/8/4,2020/8/4
666,なつめ,0.039,0.02,0.714,2020/8/4,2020/8/4
667,なつめやし,0.022,0.002,0.713,2020/8/4,2020/8/4
668,パイナップル,0.006,0.001,0.134,2020/8/4,2020/8/4
669,ハスカップ,0.007,0.006,0.128,2020/8/4,2020/8/4
670,パッションフルーツ,0.008,0.004,0.162,2020/8/4,2020/8/4
671,バナナ,0.011,0.002,0.225,2020/8/4,2020/8/4
672,バナナ(乾),0.038,0.004,0.785,2020/8/4,2020/8/4
673,パパイア,0.005,0.002,0.095,2020/8/4,2020/8/4
674,びわ,0.003,0.001,0.106,2020/8/4,2020/8/4
675,ぶどう,0.004,0.001,0.157,2020/8/4,2020/8/4
676,干しぶどう,0.027,0.002,0.807,2020/8/4,2020/8/4
677,ぶどうジャム,0.005,0.001,0.475,2020/8/4,2020/8/4
678,ブルーベリー,0.005,0.001,0.129,2020/8/4,2020/8/4
679,ブルーベリージャム,0.007,0.003,0.438,2020/8/4,2020/8/4
680,ブルーベリー(乾),0.027,0.019,0.725,2020/8/4,2020/8/4
681,ホワイトサポテ,0.015,0.001,0.189,2020/8/4,2020/8/4
682,まくわうり(黄肉),0.008,0.001,0.078,2020/8/4,2020/8/4
683,まくわうり(白肉),0.008,0.001,0.078,2020/8/4,2020/8/4
684,マルメロ,0.003,0.001,0.151,2020/8/4,2020/8/4
685,マンゴー,0.006,0.001,0.169,2020/8/4,2020/8/4
686,マンゴスチン,0.006,0.002,0.175,2020/8/4,2020/8/4
687,メロン,0.011,0.001,0.103,2020/8/4,2020/8/4
688,もも,0.006,0.001,0.102,2020/8/4,2020/8/4
689,ネクタリン,0.007,0.003,0.107,2020/8/4,2020/8/4
690,やまもも,0.005,0.002,0.113,2020/8/4,2020/8/4
691,ライチー,0.01,0.001,0.164,2020/8/4,2020/8/4
692,ラズベリー,0.011,0.001,0.102,2020/8/4,2020/8/4
693,りゅうがん,0.051,0.004,0.729,2020/8/4,2020/8/4
694,りんご,0.001,0.002,0.155,2020/8/4,2020/8/4
695,りんごジャム,0.002,0.001,0.527,2020/8/4,2020/8/4
696,えのきたけ,0.028,0.001,0.078,2020/8/4,2020/8/4
697,あらげきくらげ,0.012,0.001,0.161,2020/8/4,2020/8/4
698,きくらげ,0.006,0.002,0.052,2020/8/4,2020/8/4
699,しろきくらげ,0.004,0,0.067,2020/8/4,2020/8/4
700,くろあわびたけ,0.037,0.004,0.049,2020/8/4,2020/8/4
701,生しいたけ,0.024,0.004,0.059,2020/8/4,2020/8/4
702,乾しいたけ,0.032,0.005,0.167,2020/8/4,2020/8/4
703,はたけしめじ,0.026,0.003,0.051,2020/8/4,2020/8/4
704,ぶなしめじ,0.033,0.003,0.065,2020/8/4,2020/8/4
705,ほんしめじ,0.028,0.006,0.041,2020/8/4,2020/8/4
706,たもぎたけ,0.036,0.003,0.037,2020/8/4,2020/8/4
707,なめこ,0.016,0.001,0.051,2020/8/4,2020/8/4
708,ぬめりすぎたけ,0.023,0.004,0.041,2020/8/4,2020/8/4
709,うすひらたけ,0.061,0.002,0.048,2020/8/4,2020/8/4
710,エリンギ,0.032,0.005,0.065,2020/8/4,2020/8/4
711,ひらたけ,0.034,0.002,0.066,2020/8/4,2020/8/4
712,まいたけ,0.016,0.005,0.064,2020/8/4,2020/8/4
713,マッシュルーム,0.038,0.002,0.037,2020/8/4,2020/8/4
714,まつたけ,0.02,0.006,0.082,2020/8/4,2020/8/4
715,やなぎまつたけ,0.024,0.001,0.04,2020/8/4,2020/8/4
716,あおさ,0.221,0.006,0.417,2020/8/4,2020/8/4
717,あおのり,0.294,0.052,0.41,2020/8/4,2020/8/4
718,ほしのり,0.394,0.037,0.387,2020/8/4,2020/8/4
719,焼きのり,0.414,0.037,0.443,2020/8/4,2020/8/4
720,味付けのり,0.4,0.035,0.418,2020/8/4,2020/8/4
721,あらめ,0.124,0.007,0.562,2020/8/4,2020/8/4
722,いわのり,0.348,0.007,0.391,2020/8/4,2020/8/4
723,うみぶどう,0.005,0.001,0.012,2020/8/4,2020/8/4
724,えごのり,0.09,0.001,0.622,2020/8/4,2020/8/4
725,おきうと,0.003,0.001,0.025,2020/8/4,2020/8/4
726,おごのり,0.013,0.001,0.088,2020/8/4,2020/8/4
727,かわのり,0.381,0.016,0.417,2020/8/4,2020/8/4
728,えながおにこんぶ,0.11,0.01,0.557,2020/8/4,2020/8/4
729,がごめこんぶ,0.079,0.005,0.621,2020/8/4,2020/8/4
730,ながこんぶ,0.083,0.015,0.585,2020/8/4,2020/8/4
731,ほそめこんぶ,0.069,0.017,0.629,2020/8/4,2020/8/4
732,まこんぶ,0.082,0.012,0.615,2020/8/4,2020/8/4
733,みついしこんぶ,0.077,0.019,0.647,2020/8/4,2020/8/4
734,りしりこんぶ,0.08,0.02,0.565,2020/8/4,2020/8/4
735,塩昆布,0.169,0.004,0.37,2020/8/4,2020/8/4
736,つくだ煮(りしりこんぶ),0.06,0.01,0.333,2020/8/4,2020/8/4
737,すいぜんじのり,0.015,0,0.021,2020/8/4,2020/8/4
738,てんぐさ,0.161,0.01,0.538,2020/8/4,2020/8/4
739,ところてん,0.002,0,0.006,2020/8/4,2020/8/4
740,角寒天,0.024,0.002,0.741,2020/8/4,2020/8/4
741,寒天,0,0,0.015,2020/8/4,2020/8/4
742,粉寒天,0.002,0.003,0.817,2020/8/4,2020/8/4
743,赤とさかのり,0.015,0.001,0.051,2020/8/4,2020/8/4
744,青とさかのり,0.009,0.002,0.049,2020/8/4,2020/8/4
745,ひじき,0.007,0.003,0.034,2020/8/4,2020/8/4
746,ひとえぐさ,0.166,0.01,0.463,2020/8/4,2020/8/4
747,つくだ煮(ひとえぐさ),0.144,0.013,0.211,2020/8/4,2020/8/4
748,ふのり,0.138,0.01,0.578,2020/8/4,2020/8/4
749,まつも,0.279,0.049,0.408,2020/8/4,2020/8/4
750,むかでのり,0.006,0.001,0.042,2020/8/4,2020/8/4
751,おきなわもずく,0.003,0.002,0.02,2020/8/4,2020/8/4
752,もずく,0.002,0.001,0.014,2020/8/4,2020/8/4
753,わかめ,0.019,0.002,0.056,2020/8/4,2020/8/4
754,乾燥わかめ,0.02,0.003,0.059,2020/8/4,2020/8/4
755,板わかめ,0.167,0.012,0.474,2020/8/4,2020/8/4
756,カットわかめ,0.18,0.04,0.418,2020/8/4,2020/8/4
757,くきわかめ,0.011,0.003,0.055,2020/8/4,2020/8/4
758,めかぶわかめ,0.009,0.006,0.034,2020/8/4,2020/8/4
759,ピータン,0.137,0.165,0,2020/8/4,2020/8/4
760,うこっけい卵,0.12,0.13,0.004,2020/8/4,2020/8/4
761,うずら卵,0.126,0.131,0.003,2020/8/4,2020/8/4
762,生たまご,0.123,0.103,0.003,2020/8/4,2020/8/4
763,ゆでたまご,0.129,0.1,0.003,2020/8/4,2020/8/4
764,ポーチドエッグ,0.123,0.117,0.002,2020/8/4,2020/8/4
765,卵黄(生),0.165,0.335,0.001,2020/8/4,2020/8/4
766,卵黄(ゆで),0.167,0.333,0.002,2020/8/4,2020/8/4
767,卵白(生),0.105,0,0.004,2020/8/4,2020/8/4
768,卵白(ゆで),0.113,0.001,0.004,2020/8/4,2020/8/4
769,たまご豆腐,0.064,0.05,0.02,2020/8/4,2020/8/4
770,厚焼きたまご,0.108,0.091,0.064,2020/8/4,2020/8/4
771,だし巻きたまご,0.112,0.09,0.005,2020/8/4,2020/8/4
772,あいなめ,0.191,0.034,0.001,2020/8/4,2020/8/4
773,あこうだい,0.168,0.023,0.001,2020/8/4,2020/8/4
774,まあじ,0.197,0.045,0.001,2020/8/4,2020/8/4
775,まあじ(刺身),0.197,0.041,0.002,2020/8/4,2020/8/4
776,まあじ(焼き),0.259,0.064,0.001,2020/8/4,2020/8/4
777,まあじ(開き干し、生),0.202,0.088,0.001,2020/8/4,2020/8/4
778,まあじ(開き干し、焼き),0.246,0.123,0.001,2020/8/4,2020/8/4
779,まるあじ,0.221,0.056,0.002,2020/8/4,2020/8/4
780,まるあじ(焼き),0.287,0.077,0.002,2020/8/4,2020/8/4
781,にしまあじ,0.196,0.091,0.001,2020/8/4,2020/8/4
782,にしまあじ(焼き),0.247,0.104,0.001,2020/8/4,2020/8/4
783,むろあじ,0.236,0.069,0.004,2020/8/4,2020/8/4
784,むろあじ(焼き),0.297,0.062,0.006,2020/8/4,2020/8/4
785,むろあじ(開き干し),0.229,0.062,0.001,2020/8/4,2020/8/4
786,くさや,0.499,0.03,0.003,2020/8/4,2020/8/4
787,あなご,0.173,0.093,0,2020/8/4,2020/8/4
788,あなご(蒸し),0.176,0.127,0,2020/8/4,2020/8/4
789,あまご,0.183,0.036,0.001,2020/8/4,2020/8/4
790,あまだい,0.188,0.036,0,2020/8/4,2020/8/4
791,あまだい(焼き),0.225,0.026,0,2020/8/4,2020/8/4
792,あゆ,0.183,0.024,0.001,2020/8/4,2020/8/4
793,あゆ(焼き),0.266,0.068,0.001,2020/8/4,2020/8/4
794,あゆ(内臓、生),0.095,0.175,0.003,2020/8/4,2020/8/4
795,あゆ(内臓、焼き),0.23,0.101,0.004,2020/8/4,2020/8/4
796,うるか,0.114,0.131,0.018,2020/8/4,2020/8/4
797,アラスカめぬけ,0.172,0.034,0.001,2020/8/4,2020/8/4
798,あんこう,0.13,0.002,0.003,2020/8/4,2020/8/4
799,あんきも,0.1,0.419,0.022,2020/8/4,2020/8/4
800,こうなご,0.172,0.055,0.001,2020/8/4,2020/8/4
801,煮干し(こうなご),0.431,0.061,0.015,2020/8/4,2020/8/4
802,つくだ煮(こうなご),0.294,0.046,0.307,2020/8/4,2020/8/4
803,あめ煮(こうなご),0.256,0.037,0.358,2020/8/4,2020/8/4
804,いさき,0.172,0.057,0.001,2020/8/4,2020/8/4
805,いしだい,0.195,0.078,0,2020/8/4,2020/8/4
806,いとよりだい,0.181,0.017,0.001,2020/8/4,2020/8/4
807,いとよりだい(すり身),0.167,0.004,0.051,2020/8/4,2020/8/4
808,いぼだい,0.164,0.085,0,2020/8/4,2020/8/4
809,うるめいわし,0.213,0.048,0.003,2020/8/4,2020/8/4
810,うるめいわし(丸干し),0.45,0.051,0.003,2020/8/4,2020/8/4
811,かたくちいわし,0.182,0.121,0.003,2020/8/4,2020/8/4
812,煮干し(かたくちいわし),0.645,0.062,0.003,2020/8/4,2020/8/4
813,田作り(かたくちいわし),0.666,0.057,0.003,2020/8/4,2020/8/4
814,まいわし,0.192,0.092,0.002,2020/8/4,2020/8/4
815,まいわし(焼き),0.253,0.094,0.002,2020/8/4,2020/8/4
816,塩いわし,0.168,0.096,0.004,2020/8/4,2020/8/4
817,まいわし(生干し),0.206,0.16,0.011,2020/8/4,2020/8/4
818,まいわし(丸干し),0.328,0.055,0.007,2020/8/4,2020/8/4
819,めざし,0.182,0.189,0.005,2020/8/4,2020/8/4
820,めざし(焼き),0.237,0.15,0.007,2020/8/4,2020/8/4
821,しらす,0.15,0.013,0.001,2020/8/4,2020/8/4
822,しらす干し(微乾燥品),0.231,0.016,0.002,2020/8/4,2020/8/4
823,しらす干し(半乾燥品),0.405,0.035,0.005,2020/8/4,2020/8/4
824,たたみいわし,0.751,0.056,0.007,2020/8/4,2020/8/4
825,みりん干しかたくちいわし,0.443,0.07,0.25,2020/8/4,2020/8/4
826,みりん干しまいわし,0.314,0.157,0.163,2020/8/4,2020/8/4
827,かば焼(まいわし),0.162,0.156,0.093,2020/8/4,2020/8/4
828,アンチョビ,0.242,0.068,0.001,2020/8/4,2020/8/4
829,いわな,0.19,0.036,0.001,2020/8/4,2020/8/4
830,うぐい,0.201,0.015,0.002,2020/8/4,2020/8/4
831,うなぎ(生),0.171,0.193,0.003,2020/8/4,2020/8/4
832,うなぎ(きも、生),0.13,0.053,0.035,2020/8/4,2020/8/4
833,白焼き,0.207,0.258,0.001,2020/8/4,2020/8/4
834,かば焼(うなぎ),0.23,0.21,0.031,2020/8/4,2020/8/4
835,うまづらはぎ,0.182,0.003,0,2020/8/4,2020/8/4
836,えい,0.191,0.003,0.001,2020/8/4,2020/8/4
837,えそ,0.201,0.008,0.001,2020/8/4,2020/8/4
838,おいかわ,0.192,0.058,0.001,2020/8/4,2020/8/4
839,おおさが,0.163,0.08,0.001,2020/8/4,2020/8/4
840,おこぜ,0.196,0.002,0.002,2020/8/4,2020/8/4
841,おひょう,0.199,0.017,0.001,2020/8/4,2020/8/4
842,かさご,0.193,0.003,0.001,2020/8/4,2020/8/4
843,かじか,0.15,0.05,0.002,2020/8/4,2020/8/4
844,つくだ煮(かじか),0.294,0.055,0.338,2020/8/4,2020/8/4
845,くろかじき,0.229,0.002,0.001,2020/8/4,2020/8/4
846,まかじき,0.231,0.018,0.001,2020/8/4,2020/8/4
847,めかじき,0.192,0.076,0.001,2020/8/4,2020/8/4
848,めかじき(焼き),0.275,0.111,0,2020/8/4,2020/8/4
849,かつお(春),0.258,0.005,0.001,2020/8/4,2020/8/4
850,かつお(秋),0.25,0.062,0.002,2020/8/4,2020/8/4
851,そうだがつお,0.257,0.028,0.003,2020/8/4,2020/8/4
852,なまり,0.298,0.007,0.004,2020/8/4,2020/8/4
853,なまり節,0.38,0.011,0.005,2020/8/4,2020/8/4
854,かつお節,0.771,0.029,0.008,2020/8/4,2020/8/4
855,削り節,0.757,0.032,0.004,2020/8/4,2020/8/4
856,削り節つくだ煮,0.195,0.033,0.323,2020/8/4,2020/8/4
857,角煮(そうだがつお),0.31,0.016,0.214,2020/8/4,2020/8/4
858,塩辛(そうだがつお),0.12,0.015,0,2020/8/4,2020/8/4
859,フレーク(そうだがつお),0.184,0.027,0.107,2020/8/4,2020/8/4
860,かます,0.189,0.072,0.001,2020/8/4,2020/8/4
861,かます(焼き),0.233,0.049,0.001,2020/8/4,2020/8/4
862,まがれい,0.196,0.013,0.001,2020/8/4,2020/8/4
863,まがれい(焼き),0.234,0.012,0.001,2020/8/4,2020/8/4
864,まこがれい,0.18,0.018,0.001,2020/8/4,2020/8/4
865,まこがれい(焼き),0.285,0.028,0.002,2020/8/4,2020/8/4
866,子持ちがれい,0.199,0.062,0.001,2020/8/4,2020/8/4
867,干しかれい,0.202,0.034,0,2020/8/4,2020/8/4
868,かわはぎ,0.188,0.001,0,2020/8/4,2020/8/4
869,かんぱち,0.21,0.042,0.001,2020/8/4,2020/8/4
870,きす,0.185,0.002,0,2020/8/4,2020/8/4
871,きちじ,0.136,0.217,0,2020/8/4,2020/8/4
872,きびなご,0.188,0.014,0.001,2020/8/4,2020/8/4
873,キャビア,0.262,0.171,0.011,2020/8/4,2020/8/4
874,キングクリップ,0.182,0.001,0,2020/8/4,2020/8/4
875,ぎんだら,0.136,0.186,0,2020/8/4,2020/8/4
876,きんめだい,0.178,0.09,0.001,2020/8/4,2020/8/4
877,ぐち,0.18,0.008,0,2020/8/4,2020/8/4
878,ぐち(焼き),0.234,0.008,0,2020/8/4,2020/8/4
879,こい(生),0.177,0.102,0.002,2020/8/4,2020/8/4
880,こい(内臓、生),0.09,0.259,0.013,2020/8/4,2020/8/4
881,まごち,0.225,0.005,0.002,2020/8/4,2020/8/4
882,めごち,0.175,0.001,0.001,2020/8/4,2020/8/4
883,こはだ,0.19,0.083,0.004,2020/8/4,2020/8/4
884,甘酢漬(こはだ),0.191,0.101,0.064,2020/8/4,2020/8/4
885,からふとます(生),0.217,0.066,0.001,2020/8/4,2020/8/4
886,からふとます(焼き),0.281,0.077,0.001,2020/8/4,2020/8/4
887,塩ます(からふとます),0.209,0.074,0.006,2020/8/4,2020/8/4
888,ぎんざけ(生),0.196,0.128,0.003,2020/8/4,2020/8/4
889,ぎんざけ(焼き),0.252,0.158,0.004,2020/8/4,2020/8/4
890,ます(生),0.209,0.077,0.001,2020/8/4,2020/8/4
891,ます(焼き),0.284,0.12,0.001,2020/8/4,2020/8/4
892,さけ(生),0.223,0.041,0.001,2020/8/4,2020/8/4
893,水煮,0.255,0.047,0.001,2020/8/4,2020/8/4
894,さけ(焼き),0.291,0.051,0.001,2020/8/4,2020/8/4
895,さけ(新巻き、生),0.228,0.061,0.001,2020/8/4,2020/8/4
896,さけ(新巻き、焼き),0.293,0.079,0.001,2020/8/4,2020/8/4
897,塩ざけ,0.224,0.111,0.001,2020/8/4,2020/8/4
898,イクラ,0.326,0.156,0.002,2020/8/4,2020/8/4
899,すじこ,0.305,0.174,0.009,2020/8/4,2020/8/4
900,めふん,0.169,0.009,0.004,2020/8/4,2020/8/4
901,アトランティックサーモン,0.201,0.161,0.001,2020/8/4,2020/8/4
902,アトランティックサーモン(焼き),0.251,0.2,0.001,2020/8/4,2020/8/4
903,にじます,0.214,0.142,0.001,2020/8/4,2020/8/4
904,にじます(刺身),0.205,0.108,0.002,2020/8/4,2020/8/4
905,にじます(焼き),0.272,0.158,0.004,2020/8/4,2020/8/4
906,べにざけ,0.225,0.045,0.001,2020/8/4,2020/8/4
907,べにざけ(焼き),0.285,0.06,0.001,2020/8/4,2020/8/4
908,べにざけ(くん製),0.257,0.055,0.001,2020/8/4,2020/8/4
909,キングサーモン(生),0.195,0.125,0,2020/8/4,2020/8/4
910,キングサーモン(焼き),0.264,0.167,0,2020/8/4,2020/8/4
911,さば(生),0.206,0.168,0.003,2020/8/4,2020/8/4
912,さば(焼き),0.252,0.224,0.004,2020/8/4,2020/8/4
913,ごまさば,0.23,0.051,0.003,2020/8/4,2020/8/4
914,ごまさば(焼き),0.311,0.066,0.003,2020/8/4,2020/8/4
915,さば節,0.739,0.051,0,2020/8/4,2020/8/4
916,ノルウェーさば,0.172,0.268,0.004,2020/8/4,2020/8/4
917,ノルウェーさば(焼き),0.218,0.293,0.005,2020/8/4,2020/8/4
918,塩さば(ノルウェーさば),0.262,0.191,0.001,2020/8/4,2020/8/4
919,ノルウェーさば(開き干し),0.187,0.285,0.002,2020/8/4,2020/8/4
920,しめさば(ノルウェーさば),0.186,0.269,0.017,2020/8/4,2020/8/4
921,みそ煮(ノルウェーさば),0.163,0.139,0.066,2020/8/4,2020/8/4
922,あぶらざめ,0.168,0.094,0,2020/8/4,2020/8/4
923,よしきりざめ,0.189,0.006,0,2020/8/4,2020/8/4
924,ふかひれ,0.839,0.016,0,2020/8/4,2020/8/4
925,さより,0.196,0.013,0,2020/8/4,2020/8/4
926,さわら,0.201,0.097,0.001,2020/8/4,2020/8/4
927,さわら(焼き),0.236,0.108,0.001,2020/8/4,2020/8/4
928,さんま,0.176,0.236,0.001,2020/8/4,2020/8/4
929,さんま(刺身),0.169,0.28,0.002,2020/8/4,2020/8/4
930,さんま(焼き),0.239,0.179,0.002,2020/8/4,2020/8/4
931,さんま(開き干し),0.193,0.19,0.001,2020/8/4,2020/8/4
932,さんま(みりん干し),0.239,0.258,0.204,2020/8/4,2020/8/4
933,かば焼(さんま),0.174,0.13,0.097,2020/8/4,2020/8/4
934,しいら,0.213,0.019,0,2020/8/4,2020/8/4
935,ししゃも,0.21,0.081,0.002,2020/8/4,2020/8/4
936,ししゃも(焼き),0.243,0.078,0.002,2020/8/4,2020/8/4
937,からふとししゃも,0.156,0.116,0.005,2020/8/4,2020/8/4
938,からふとししゃも(焼き),0.182,0.113,0.006,2020/8/4,2020/8/4
939,したびらめ,0.192,0.016,0,2020/8/4,2020/8/4
940,しまあじ,0.219,0.08,0.001,2020/8/4,2020/8/4
941,しらうお,0.136,0.02,0.001,2020/8/4,2020/8/4
942,シルバー,0.186,0.079,0,2020/8/4,2020/8/4
943,すずき,0.198,0.042,0,2020/8/4,2020/8/4
944,きだい,0.186,0.031,0.002,2020/8/4,2020/8/4
945,くろだい,0.204,0.067,0.003,2020/8/4,2020/8/4
946,ちだい,0.194,0.024,0.001,2020/8/4,2020/8/4
947,まだい,0.206,0.058,0.001,2020/8/4,2020/8/4
948,まだい(刺身),0.212,0.059,0.002,2020/8/4,2020/8/4
949,まだい(焼き),0.227,0.12,0.001,2020/8/4,2020/8/4
950,たかさご,0.202,0.015,0.001,2020/8/4,2020/8/4
951,たかべ,0.187,0.09,0,2020/8/4,2020/8/4
952,たちうお,0.165,0.209,0,2020/8/4,2020/8/4
953,すけとうだら,0.174,0.003,0,2020/8/4,2020/8/4
954,すけとうだら(すり身),0.175,0.002,0.066,2020/8/4,2020/8/4
955,すきみだら,0.405,0.003,0.001,2020/8/4,2020/8/4
956,たらこ,0.24,0.047,0.004,2020/8/4,2020/8/4
957,焼きたらこ,0.283,0.061,0.005,2020/8/4,2020/8/4
958,からしめんたいこ,0.21,0.033,0.03,2020/8/4,2020/8/4
959,たら,0.176,0.002,0.001,2020/8/4,2020/8/4
960,たら(焼き),0.252,0.002,0.002,2020/8/4,2020/8/4
961,しらこ,0.134,0.008,0.002,2020/8/4,2020/8/4
962,塩だら,0.152,0.001,0,2020/8/4,2020/8/4
963,干しだら,0.732,0.008,0.001,2020/8/4,2020/8/4
964,でんぶ,0.255,0.011,0.415,2020/8/4,2020/8/4
965,ちか,0.195,0.006,0,2020/8/4,2020/8/4
966,どじょう,0.161,0.012,0,2020/8/4,2020/8/4
967,とびうお,0.21,0.007,0.001,2020/8/4,2020/8/4
968,ナイルティラピア,0.198,0.053,0.002,2020/8/4,2020/8/4
969,なまず,0.184,0.086,0,2020/8/4,2020/8/4
970,にぎす,0.187,0.012,0.001,2020/8/4,2020/8/4
971,にしん,0.174,0.151,0.001,2020/8/4,2020/8/4
972,身欠きにしん,0.209,0.167,0.002,2020/8/4,2020/8/4
973,にしん(開き干し),0.185,0.197,0.002,2020/8/4,2020/8/4
974,にしん(くん製),0.231,0.221,0,2020/8/4,2020/8/4
975,かずのこ,0.252,0.067,0.002,2020/8/4,2020/8/4
976,かずのこ(乾),0.652,0.136,0.005,2020/8/4,2020/8/4
977,はぜ,0.191,0.002,0.001,2020/8/4,2020/8/4
978,つくだ煮(はぜ),0.243,0.03,0.399,2020/8/4,2020/8/4
979,甘露煮(はぜ),0.211,0.022,0.403,2020/8/4,2020/8/4
980,はたはた,0.141,0.057,0,2020/8/4,2020/8/4
981,はたはた(生干し),0.167,0.103,0,2020/8/4,2020/8/4
982,はまふえふき,0.205,0.003,0.001,2020/8/4,2020/8/4
983,はも,0.223,0.053,0,2020/8/4,2020/8/4
984,ひらまさ,0.226,0.049,0.001,2020/8/4,2020/8/4
985,ひらめ,0.2,0.02,0,2020/8/4,2020/8/4
986,ひらめ(刺身),0.212,0.025,0.001,2020/8/4,2020/8/4
987,とらふぐ,0.193,0.003,0.002,2020/8/4,2020/8/4
988,まふぐ,0.189,0.004,0,2020/8/4,2020/8/4
989,ふな,0.182,0.025,0.001,2020/8/4,2020/8/4
990,甘露煮(ふな),0.155,0.036,0.444,2020/8/4,2020/8/4
991,ぶり,0.214,0.176,0.003,2020/8/4,2020/8/4
992,ぶり(焼き),0.262,0.204,0.003,2020/8/4,2020/8/4
993,はまち,0.207,0.172,0.003,2020/8/4,2020/8/4
994,はまち(刺身),0.21,0.12,0.003,2020/8/4,2020/8/4
995,ほうぼう,0.196,0.042,0,2020/8/4,2020/8/4
996,ホキ,0.17,0.013,0,2020/8/4,2020/8/4
997,ほっけ,0.173,0.044,0.001,2020/8/4,2020/8/4
998,塩ほっけ,0.181,0.049,0.001,2020/8/4,2020/8/4
999,ほっけ(開き干し、生),0.206,0.094,0.001,2020/8/4,2020/8/4
1000,ほっけ(開き干し、焼き),0.231,0.109,0.002,2020/8/4,2020/8/4
1001,ぼら,0.192,0.05,0.001,2020/8/4,2020/8/4
1002,からすみ,0.404,0.289,0.003,2020/8/4,2020/8/4
1003,ほんもろこ,0.175,0.041,0.001,2020/8/4,2020/8/4
1004,きはだまぐろ,0.243,0.004,0,2020/8/4,2020/8/4
1005,くろまぐろ(赤身、生),0.264,0.014,0.001,2020/8/4,2020/8/4
1006,くろまぐろ(脂身、生),0.201,0.275,0.001,2020/8/4,2020/8/4
1007,びんなが,0.26,0.007,0.002,2020/8/4,2020/8/4
1008,みなみまぐろ(赤身),0.216,0.001,0.001,2020/8/4,2020/8/4
1009,みなみまぐろ(脂身),0.203,0.283,0.001,2020/8/4,2020/8/4
1010,めじまぐろ,0.252,0.048,0.001,2020/8/4,2020/8/4
1011,めばち,0.228,0.012,0.002,2020/8/4,2020/8/4
1012,フレーク(めばち),0.19,0.023,0.099,2020/8/4,2020/8/4
1013,マジェランあいなめ,0.133,0.229,0.001,2020/8/4,2020/8/4
1014,まながつお,0.171,0.109,0,2020/8/4,2020/8/4
1015,びかます,0.217,0.03,0.001,2020/8/4,2020/8/4
1016,みなみだら,0.164,0.003,0,2020/8/4,2020/8/4
1017,むつ,0.167,0.126,0,2020/8/4,2020/8/4
1018,めじな,0.194,0.045,0.001,2020/8/4,2020/8/4
1019,めばる,0.181,0.035,0,2020/8/4,2020/8/4
1020,メルルーサ,0.17,0.006,0,2020/8/4,2020/8/4
1021,やつめうなぎ,0.158,0.218,0.002,2020/8/4,2020/8/4
1022,干しやつめ,0.503,0.312,0.005,2020/8/4,2020/8/4
1023,やまめ,0.184,0.043,0.003,2020/8/4,2020/8/4
1024,わかさぎ,0.144,0.017,0.001,2020/8/4,2020/8/4
1025,つくだ煮(わかさぎ),0.287,0.055,0.382,2020/8/4,2020/8/4
1026,あめ煮(わかさ),0.263,0.051,0.404,2020/8/4,2020/8/4
1027,あかがい,0.135,0.003,0.035,2020/8/4,2020/8/4
1028,あげまき,0.081,0.006,0.02,2020/8/4,2020/8/4
1029,あさり,0.06,0.003,0.004,2020/8/4,2020/8/4
1030,つくだ煮(あさり),0.208,0.024,0.301,2020/8/4,2020/8/4
1031,あわび,0.127,0.003,0.04,2020/8/4,2020/8/4
1032,干し(あわび),0.38,0.016,0.238,2020/8/4,2020/8/4
1033,塩辛(あわび),0.148,0.039,0.014,2020/8/4,2020/8/4
1034,ムール貝,0.103,0.014,0.032,2020/8/4,2020/8/4
1035,いたやがい,0.108,0.008,0.015,2020/8/4,2020/8/4
1036,エスカルゴ,0.165,0.01,0.008,2020/8/4,2020/8/4
1037,かき,0.066,0.014,0.047,2020/8/4,2020/8/4
1038,さざえ,0.194,0.004,0.008,2020/8/4,2020/8/4
1039,さざえ(焼き),0.213,0.004,0.009,2020/8/4,2020/8/4
1040,さるぼう,0.159,0.022,0.129,2020/8/4,2020/8/4
1041,しじみ,0.075,0.014,0.045,2020/8/4,2020/8/4
1042,たいらがい,0.218,0.002,0.015,2020/8/4,2020/8/4
1043,たにし,0.13,0.011,0.036,2020/8/4,2020/8/4
1044,つぶ,0.178,0.002,0.023,2020/8/4,2020/8/4
1045,とこぶし,0.16,0.004,0.03,2020/8/4,2020/8/4
1046,とりがい,0.129,0.003,0.069,2020/8/4,2020/8/4
1047,ばい,0.163,0.006,0.031,2020/8/4,2020/8/4
1048,ばかがい,0.109,0.005,0.024,2020/8/4,2020/8/4
1049,はまぐり,0.061,0.006,0.018,2020/8/4,2020/8/4
1050,焼きはまぐり,0.133,0.01,0.028,2020/8/4,2020/8/4
1051,つくだ煮(はまぐり),0.27,0.028,0.214,2020/8/4,2020/8/4
1052,ちょうせんはまぐり,0.065,0.004,0.027,2020/8/4,2020/8/4
1053,ほたてがい,0.135,0.009,0.015,2020/8/4,2020/8/4
1054,貝柱,0.169,0.003,0.035,2020/8/4,2020/8/4
1055,貝柱(焼き),0.238,0.003,0.046,2020/8/4,2020/8/4
1056,貝柱(煮干し),0.657,0.014,0.076,2020/8/4,2020/8/4
1057,ほっきがい,0.111,0.011,0.038,2020/8/4,2020/8/4
1058,みるがい,0.183,0.004,0.003,2020/8/4,2020/8/4
1059,あまえび,0.198,0.003,0.001,2020/8/4,2020/8/4
1060,いせえび,0.209,0.004,0,2020/8/4,2020/8/4
1061,くるまえび,0.216,0.006,0,2020/8/4,2020/8/4
1062,くるまえび(ゆで),0.282,0.005,0,2020/8/4,2020/8/4
1063,くるまえび(焼き),0.235,0.004,0,2020/8/4,2020/8/4
1064,さくらえび(ゆで),0.182,0.015,0,2020/8/4,2020/8/4
1065,さくらえび(素干し),0.649,0.04,0.001,2020/8/4,2020/8/4
1066,さくらえび(煮干し),0.591,0.025,0.001,2020/8/4,2020/8/4
1067,大正えび,0.217,0.003,0.001,2020/8/4,2020/8/4
1068,しばえび,0.187,0.004,0.001,2020/8/4,2020/8/4
1069,バナメイエビ,0.196,0.006,0.007,2020/8/4,2020/8/4
1070,ブラックタイガー,0.184,0.003,0.003,2020/8/4,2020/8/4
1071,干しえび(ブラックタイガー),0.486,0.028,0.003,2020/8/4,2020/8/4
1072,つくだ煮(ブラックタイガー),0.259,0.022,0.301,2020/8/4,2020/8/4
1073,わたりがに,0.144,0.003,0.003,2020/8/4,2020/8/4
1074,毛がに,0.158,0.005,0.002,2020/8/4,2020/8/4
1075,毛がに(ゆで),0.184,0.005,0.002,2020/8/4,2020/8/4
1076,ずわいがに,0.139,0.004,0.001,2020/8/4,2020/8/4
1077,ずわいがに(ゆで),0.15,0.006,0.001,2020/8/4,2020/8/4
1078,たらばがに,0.13,0.003,0.002,2020/8/4,2020/8/4
1079,たらばがに(ゆで),0.175,0.005,0.003,2020/8/4,2020/8/4
1080,がん漬,0.084,0.004,0.054,2020/8/4,2020/8/4
1081,あかいか,0.179,0.014,0,2020/8/4,2020/8/4
1082,けんさきいか,0.175,0.01,0.001,2020/8/4,2020/8/4
1083,こういか,0.149,0.003,0.001,2020/8/4,2020/8/4
1084,するめいか,0.179,0.008,0.001,2020/8/4,2020/8/4
1085,するめいか(焼き),0.236,0.01,0.001,2020/8/4,2020/8/4
1086,げそ(するめいか),0.169,0.009,0,2020/8/4,2020/8/4
1087,ほたるいか,0.118,0.035,0.002,2020/8/4,2020/8/4
1088,ほたるいか(ゆで),0.177,0.029,0.004,2020/8/4,2020/8/4
1089,ほたるいか(くん製),0.431,0.075,0.213,2020/8/4,2020/8/4
1090,つくだ煮(ほたるいか),0.27,0.067,0.229,2020/8/4,2020/8/4
1091,やりいか,0.176,0.01,0.004,2020/8/4,2020/8/4
1092,するめ,0.692,0.043,0.004,2020/8/4,2020/8/4
1093,さきいか,0.455,0.031,0.173,2020/8/4,2020/8/4
1094,やりいか(くん製),0.352,0.015,0.128,2020/8/4,2020/8/4
1095,切りいかあめ煮,0.227,0.047,0.461,2020/8/4,2020/8/4
1096,いかあられ,0.2,0.018,0.491,2020/8/4,2020/8/4
1097,塩辛(やりいか),0.152,0.034,0.065,2020/8/4,2020/8/4
1098,いいだこ,0.146,0.008,0.001,2020/8/4,2020/8/4
1099,まだこ,0,0,0,2020/8/4,2020/8/4
1100,まだこ(ゆで),0.217,0.007,0.001,2020/8/4,2020/8/4
1101,つくだ煮(あみ),0.191,0.018,0.351,2020/8/4,2020/8/4
1102,塩辛(あみ),0.129,0.011,0.008,2020/8/4,2020/8/4
1103,生うに,0.16,0.048,0.033,2020/8/4,2020/8/4
1104,粒うに,0.172,0.058,0.156,2020/8/4,2020/8/4
1105,練りうに,0.135,0.029,0.224,2020/8/4,2020/8/4
1106,おきあみ,0.15,0.032,0.002,2020/8/4,2020/8/4
1107,おきあみ(ゆで),0.138,0.03,0,2020/8/4,2020/8/4
1108,くらげ,0.052,0.001,0,2020/8/4,2020/8/4
1109,しゃこ(ゆで),0.192,0.017,0.002,2020/8/4,2020/8/4
1110,なまこ,0.046,0.003,0.005,2020/8/4,2020/8/4
1111,このわた,0.114,0.018,0.005,2020/8/4,2020/8/4
1112,ほや,0.05,0.008,0.008,2020/8/4,2020/8/4
1113,塩辛(ほや),0.116,0.011,0.038,2020/8/4,2020/8/4
1114,かに風味かまぼこ,0.121,0.005,0.092,2020/8/4,2020/8/4
1115,昆布巻きかまぼこ,0.089,0.005,0.11,2020/8/4,2020/8/4
1116,す巻きかまぼこ,0.12,0.008,0.087,2020/8/4,2020/8/4
1117,蒸しかまぼこ,0.12,0.009,0.097,2020/8/4,2020/8/4
1118,焼き抜きかまぼこ,0.162,0.01,0.074,2020/8/4,2020/8/4
1119,焼き竹輪,0.122,0.02,0.135,2020/8/4,2020/8/4
1120,だて巻,0.146,0.075,0.176,2020/8/4,2020/8/4
1121,つみれ,0.12,0.043,0.065,2020/8/4,2020/8/4
1122,なると,0.076,0.004,0.116,2020/8/4,2020/8/4
1123,はんぺん,0.099,0.01,0.114,2020/8/4,2020/8/4
1124,さつま揚げ,0.125,0.037,0.139,2020/8/4,2020/8/4
1125,魚肉ハム,0.134,0.067,0.111,2020/8/4,2020/8/4
1126,魚肉ソーセージ,0.115,0.072,0.126,2020/8/4,2020/8/4
1127,ぼたん肉,0.188,0.198,0.005,2020/8/4,2020/8/4
1128,いのぶた肉,0.181,0.241,0.003,2020/8/4,2020/8/4
1129,うさぎ肉,0.205,0.063,0,2020/8/4,2020/8/4
1130,牛肉(肩),0.177,0.223,0.003,2020/8/4,2020/8/4
1131,牛肉(肩、赤肉),0.202,0.122,0.003,2020/8/4,2020/8/4
1132,牛肉(肩、脂身),0.04,0.78,0,2020/8/4,2020/8/4
1133,かたロース,0.138,0.374,0.002,2020/8/4,2020/8/4
1134,かたロース(赤肉),0.165,0.261,0.002,2020/8/4,2020/8/4
1135,リブロース,0.097,0.565,0.001,2020/8/4,2020/8/4
1136,リブロース(焼き),0.146,0.568,0.002,2020/8/4,2020/8/4
1137,リブロース(ゆで),0.126,0.582,0.001,2020/8/4,2020/8/4
1138,リブロース(赤肉),0.14,0.4,0.002,2020/8/4,2020/8/4
1139,リブロース(脂身),0.042,0.78,0,2020/8/4,2020/8/4
1140,サーロイン,0.117,0.475,0.003,2020/8/4,2020/8/4
1141,サーロイン(赤肉),0.171,0.258,0.004,2020/8/4,2020/8/4
1142,カルビ,0.11,0.5,0.001,2020/8/4,2020/8/4
1143,もも肉,0.192,0.187,0.005,2020/8/4,2020/8/4
1144,もも肉(焼き),0.277,0.227,0.005,2020/8/4,2020/8/4
1145,もも肉(ゆで),0.257,0.233,0.002,2020/8/4,2020/8/4
1146,もも肉(赤肉),0.213,0.107,0.006,2020/8/4,2020/8/4
1147,もも肉(脂身),0.044,0.754,0,2020/8/4,2020/8/4
1148,そともも肉,0.178,0.2,0.005,2020/8/4,2020/8/4
1149,そともも肉(赤肉),0.207,0.087,0.006,2020/8/4,2020/8/4
1150,ランプ,0.151,0.299,0.004,2020/8/4,2020/8/4
1151,ランプ(赤肉),0.192,0.136,0.005,2020/8/4,2020/8/4
1152,ヒレ,0.191,0.15,0.003,2020/8/4,2020/8/4
1153,ひき肉(牛),0.171,0.211,0.003,2020/8/4,2020/8/4
1154,ひき肉(牛、焼き),0.259,0.213,0.004,2020/8/4,2020/8/4
1155,牛タン,0.133,0.318,0.002,2020/8/4,2020/8/4
1156,牛タン(焼き),0.202,0.371,0.002,2020/8/4,2020/8/4
1157,はつ(牛),0.165,0.076,0.001,2020/8/4,2020/8/4
1158,レバー(牛),0.196,0.037,0.037,2020/8/4,2020/8/4
1159,まめ(牛),0.167,0.064,0.002,2020/8/4,2020/8/4
1160,みの(牛),0.245,0.084,0,2020/8/4,2020/8/4
1161,はちのす(牛),0.124,0.157,0,2020/8/4,2020/8/4
1162,せんまい(牛),0.117,0.013,0,2020/8/4,2020/8/4
1163,ギアラ(牛),0.111,0.3,0,2020/8/4,2020/8/4
1164,ひも(牛),0.099,0.261,0,2020/8/4,2020/8/4
1165,しまちょう(牛),0.093,0.13,0,2020/8/4,2020/8/4
1166,てっぽう(牛),0.116,0.07,0,2020/8/4,2020/8/4
1167,牛スジ,0.283,0.049,0,2020/8/4,2020/8/4
1168,コブクロ(牛),0.184,0.03,0,2020/8/4,2020/8/4
1169,牛テール,0.116,0.471,0,2020/8/4,2020/8/4
1170,ハラミ(牛),0.149,0.252,0.003,2020/8/4,2020/8/4
1171,ローストビーフ,0.217,0.117,0.009,2020/8/4,2020/8/4
1172,コンビーフ,0.198,0.13,0.017,2020/8/4,2020/8/4
1173,ビーフジャーキー,0.548,0.078,0.064,2020/8/4,2020/8/4
1174,スモークタン,0.181,0.23,0.009,2020/8/4,2020/8/4
1175,さくら肉,0.201,0.025,0.003,2020/8/4,2020/8/4
1176,クジラ肉,0.241,0.004,0.002,2020/8/4,2020/8/4
1177,クジラ肉(うねす),0.188,0.314,0.002,2020/8/4,2020/8/4
1178,クジラ肉(本皮),0.097,0.688,0.002,2020/8/4,2020/8/4
1179,さらしくじら,0.053,0.009,0,2020/8/4,2020/8/4
1180,あかしか肉,0.223,0.015,0.005,2020/8/4,2020/8/4
1181,しか肉,0.226,0.052,0.006,2020/8/4,2020/8/4
1182,豚肉(肩),0.185,0.146,0.002,2020/8/4,2020/8/4
1183,豚肉(肩、赤肉),0.209,0.038,0.002,2020/8/4,2020/8/4
1184,豚肉(肩、脂身),0.053,0.724,0,2020/8/4,2020/8/4
1185,かたロース(豚),0.171,0.192,0.001,2020/8/4,2020/8/4
1186,かたロース(豚、赤肉),0.197,0.078,0.001,2020/8/4,2020/8/4
1187,かたロース(豚、脂身),0.054,0.707,0,2020/8/4,2020/8/4
1188,豚ロース,0.193,0.192,0.002,2020/8/4,2020/8/4
1189,豚ロース(焼き),0.267,0.227,0.003,2020/8/4,2020/8/4
1190,豚ロース(ゆで),0.239,0.241,0.003,2020/8/4,2020/8/4
1191,豚ロース(赤肉),0.227,0.056,0.003,2020/8/4,2020/8/4
1192,豚ロース(脂身),0.051,0.763,0,2020/8/4,2020/8/4
1193,バラ肉(豚),0.144,0.354,0.001,2020/8/4,2020/8/4
1194,バラ肉(豚、焼き),0.196,0.439,0.001,2020/8/4,2020/8/4
1195,もも肉(豚),0.205,0.102,0.002,2020/8/4,2020/8/4
1196,もも肉(豚、焼き),0.302,0.076,0.003,2020/8/4,2020/8/4
1197,もも肉(豚、ゆで),0.289,0.081,0.003,2020/8/4,2020/8/4
1198,もも肉(豚、赤肉),0.221,0.036,0.002,2020/8/4,2020/8/4
1199,もも肉(豚、脂身),0.065,0.676,0,2020/8/4,2020/8/4
1200,そともも肉(豚),0.188,0.165,0.002,2020/8/4,2020/8/4
1201,そともも肉(豚、赤肉),0.214,0.055,0.002,2020/8/4,2020/8/4
1202,そともも肉(豚、脂身),0.066,0.681,0,2020/8/4,2020/8/4
1203,そともも肉(豚、焼き),0.393,0.059,0.004,2020/8/4,2020/8/4
1204,豚ヒレ肉,0.227,0.017,0.001,2020/8/4,2020/8/4
1205,ひき肉(豚),0.177,0.172,0.001,2020/8/4,2020/8/4
1206,ひき肉(豚、焼き),0.257,0.215,0.001,2020/8/4,2020/8/4
1207,豚タン,0.159,0.163,0.001,2020/8/4,2020/8/4
1208,はつ(豚),0.162,0.07,0.001,2020/8/4,2020/8/4
1209,レバー(豚),0.204,0.034,0.025,2020/8/4,2020/8/4
1210,まめ(豚),0.141,0.058,0,2020/8/4,2020/8/4
1211,ぶたみの,0.174,0.051,0,2020/8/4,2020/8/4
1212,ひも(豚),0.14,0.119,0,2020/8/4,2020/8/4
1213,大腸(豚),0.117,0.138,0,2020/8/4,2020/8/4
1214,コブクロ(豚),0.146,0.009,0,2020/8/4,2020/8/4
1215,豚足,0.201,0.168,0,2020/8/4,2020/8/4
1216,軟骨,0.178,0.179,0,2020/8/4,2020/8/4
1217,骨付きハム,0.167,0.166,0.008,2020/8/4,2020/8/4
1218,ボンレスハム,0.187,0.04,0.018,2020/8/4,2020/8/4
1219,ロースハム,0.165,0.139,0.013,2020/8/4,2020/8/4
1220,ショルダーハム,0.161,0.182,0.006,2020/8/4,2020/8/4
1221,生ハム,0.24,0.166,0.005,2020/8/4,2020/8/4
1222,生ハム(長期熟成),0.257,0.184,0,2020/8/4,2020/8/4
1223,プレスハム,0.154,0.045,0.039,2020/8/4,2020/8/4
1224,チョップドハム,0.117,0.042,0.127,2020/8/4,2020/8/4
1225,ベーコン,0.129,0.391,0.003,2020/8/4,2020/8/4
1226,ロースベーコン,0.168,0.146,0.032,2020/8/4,2020/8/4
1227,ショルダーベーコン,0.172,0.119,0.025,2020/8/4,2020/8/4
1228,ウインナーソーセージ,0.132,0.285,0.03,2020/8/4,2020/8/4
1229,セミドライソーセージ,0.154,0.297,0.026,2020/8/4,2020/8/4
1230,ドライソーセージ,0.254,0.43,0.021,2020/8/4,2020/8/4
1231,フランクフルトソーセージ,0.127,0.247,0.062,2020/8/4,2020/8/4
1232,ボロニアソーセージ,0.125,0.21,0.029,2020/8/4,2020/8/4
1233,リオナソーセージ,0.149,0.131,0.037,2020/8/4,2020/8/4
1234,レバーソーセージ,0.147,0.335,0.019,2020/8/4,2020/8/4
1235,混合ソーセージ,0.118,0.227,0.047,2020/8/4,2020/8/4
1236,生ソーセージ,0.14,0.244,0.008,2020/8/4,2020/8/4
1237,焼き豚,0.194,0.082,0.051,2020/8/4,2020/8/4
1238,レバーペースト,0.129,0.347,0.036,2020/8/4,2020/8/4
1239,スモークレバー,0.296,0.077,0.026,2020/8/4,2020/8/4
1240,ゼラチン,0.876,0.003,0,2020/8/4,2020/8/4
1241,ロース(マトン),0.198,0.15,0.002,2020/8/4,2020/8/4
1242,ロース(マトン、焼き),0.289,0.249,0.002,2020/8/4,2020/8/4
1243,もも肉(マトン),0.188,0.153,0.001,2020/8/4,2020/8/4
1244,ラム肉(肩),0.171,0.171,0.001,2020/8/4,2020/8/4
1245,ラム肉(ロース),0.156,0.259,0.002,2020/8/4,2020/8/4
1246,ラム肉(ロース、焼き),0.218,0.314,0.002,2020/8/4,2020/8/4
1247,ラム肉(もも),0.2,0.12,0.003,2020/8/4,2020/8/4
1248,ラム肉(もも、焼き),0.286,0.203,0.003,2020/8/4,2020/8/4
1249,混合プレスハム,0.144,0.041,0.03,2020/8/4,2020/8/4
1250,ヤギ肉,0.219,0.015,0.002,2020/8/4,2020/8/4
1251,うずら肉,0.205,0.129,0.001,2020/8/4,2020/8/4
1252,フォアグラ,0.083,0.499,0.015,2020/8/4,2020/8/4
1253,肉(まがも),0.236,0.03,0.001,2020/8/4,2020/8/4
1254,肉（あいがも),0.142,0.29,0.001,2020/8/4,2020/8/4
1255,肉(あひる),0.149,0.198,0.001,2020/8/4,2020/8/4
1256,皮(あひる),0.073,0.458,0,2020/8/4,2020/8/4
1257,肉(きじ),0.23,0.011,0.001,2020/8/4,2020/8/4
1258,しちめんちょう,0.235,0.007,0.001,2020/8/4,2020/8/4
1259,肉(すずめ),0.181,0.059,0.001,2020/8/4,2020/8/4
1260,手羽先,0.23,0.104,0,2020/8/4,2020/8/4
1261,むね肉(鶏),0.195,0.172,0,2020/8/4,2020/8/4
1262,むね肉(鶏、皮なし),0.244,0.019,0,2020/8/4,2020/8/4
1263,もも肉(鶏),0.173,0.191,0,2020/8/4,2020/8/4
1264,もも肉(鶏、皮なし),0.22,0.048,0,2020/8/4,2020/8/4
1265,ささみ,0.246,0.011,0,2020/8/4,2020/8/4
1266,ひき肉(鶏),0.175,0.12,0,2020/8/4,2020/8/4
1267,ひき肉(鶏、焼き),0.275,0.148,0,2020/8/4,2020/8/4
1268,はつ(鶏),0.145,0.155,0,2020/8/4,2020/8/4
1269,レバー(鶏),0.189,0.031,0.006,2020/8/4,2020/8/4
1270,砂ぎも,0.183,0.018,0,2020/8/4,2020/8/4
1271,軟骨(鶏),0.125,0.004,0.004,2020/8/4,2020/8/4
1272,チキンナゲット,0.155,0.137,0.149,2020/8/4,2020/8/4
1273,つくね,0.152,0.152,0.093,2020/8/4,2020/8/4
1274,肉(鳩),0.218,0.051,0.003,2020/8/4,2020/8/4
1275,肉(ほろほろちょう),0.225,0.01,0.002,2020/8/4,2020/8/4
1276,つくだ煮(いなご),0.263,0.014,0.323,2020/8/4,2020/8/4
1277,肉(かえる),0.223,0.004,0.003,2020/8/4,2020/8/4
1278,すっぽん,0.164,0.134,0.005,2020/8/4,2020/8/4
1279,生乳,0.033,0.038,0.048,2020/8/4,2020/8/4
1280,濃厚牛乳,0.035,0.042,0.052,2020/8/4,2020/8/4
1281,低脂肪牛乳,0.038,0.01,0.055,2020/8/4,2020/8/4
1282,コーヒー牛乳,0.022,0.02,0.072,2020/8/4,2020/8/4
1283,フルーツ牛乳,0.012,0.002,0.099,2020/8/4,2020/8/4
1284,全粉乳,0.255,0.262,0.393,2020/8/4,2020/8/4
1285,脱脂粉乳,0.34,0.01,0.533,2020/8/4,2020/8/4
1286,粉ミルク,0.124,0.268,0.559,2020/8/4,2020/8/4
1287,無糖練乳,0.068,0.079,0.112,2020/8/4,2020/8/4
1288,コンデンスミルク,0.077,0.085,0.56,2020/8/4,2020/8/4
1289,生クリーム,0.02,0.45,0.031,2020/8/4,2020/8/4
1290,クリーム(植物性脂肪),0.068,0.392,0.029,2020/8/4,2020/8/4
1291,ホイップクリーム(乳脂肪),0.018,0.407,0.129,2020/8/4,2020/8/4
1292,ホイップクリーム(乳脂肪・植物性脂肪),0.04,0.384,0.129,2020/8/4,2020/8/4
1293,ホイップクリーム(植物性脂肪),0.063,0.361,0.129,2020/8/4,2020/8/4
1294,コーヒー用ミルク(乳脂肪),0.052,0.183,0.055,2020/8/4,2020/8/4
1295,コーヒー用ミルク(乳脂肪・植物性脂肪),0.048,0.216,0.037,2020/8/4,2020/8/4
1296,コーヒー用ミルク(植物性脂肪),0.043,0.248,0.018,2020/8/4,2020/8/4
1297,粉末状、乳脂肪,0.077,0.276,0.601,2020/8/4,2020/8/4
1298,粉末状、植物性脂肪,0.028,0.383,0.531,2020/8/4,2020/8/4
1299,ヨーグルト(プレーン),0.036,0.03,0.049,2020/8/4,2020/8/4
1300,ヨーグルト(低脂肪・無糖),0.037,0.01,0.052,2020/8/4,2020/8/4
1301,ヨーグルト(脂肪0・無糖),0.04,0.003,0.057,2020/8/4,2020/8/4
1302,ヨーグルト(脱脂乳・加糖),0.043,0.002,0.119,2020/8/4,2020/8/4
1303,エダムチーズ,0.289,0.25,0.014,2020/8/4,2020/8/4
1304,エメンタールチーズ,0.273,0.336,0.016,2020/8/4,2020/8/4
1305,カテージチーズ,0.133,0.045,0.019,2020/8/4,2020/8/4
1306,カマンベールチーズ,0.191,0.247,0.009,2020/8/4,2020/8/4
1307,クリームチーズ,0.082,0.33,0.023,2020/8/4,2020/8/4
1308,ゴーダチーズ,0.258,0.29,0.014,2020/8/4,2020/8/4
1309,チェダーチーズ,0.257,0.338,0.014,2020/8/4,2020/8/4
1310,パルメザンチーズ,0.44,0.308,0.019,2020/8/4,2020/8/4
1311,ブルーチーズ,0.188,0.29,0.01,2020/8/4,2020/8/4
1312,マスカルポーネチーズ,0.044,0.282,0.043,2020/8/4,2020/8/4
1313,モッツァレラチーズ,0.184,0.199,0.042,2020/8/4,2020/8/4
1314,シェーブルチーズ,0.206,0.217,0.027,2020/8/4,2020/8/4
1315,リコッタチーズ,0.071,0.115,0.067,2020/8/4,2020/8/4
1316,プロセスチーズ,0.227,0.26,0.013,2020/8/4,2020/8/4
1317,チーズスプレッド,0.159,0.257,0.006,2020/8/4,2020/8/4
1318,アイスクリーム(高脂肪),0.035,0.12,0.224,2020/8/4,2020/8/4
1319,アイスクリーム,0.039,0.08,0.232,2020/8/4,2020/8/4
1320,アイスミルク,0.034,0.064,0.239,2020/8/4,2020/8/4
1321,ラクトアイス(普通脂肪),0.031,0.136,0.222,2020/8/4,2020/8/4
1322,ラクトアイス(低脂肪),0.018,0.02,0.206,2020/8/4,2020/8/4
1323,ソフトクリーム,0.038,0.056,0.201,2020/8/4,2020/8/4
1324,カゼイン,0.862,0.015,0,2020/8/4,2020/8/4
1325,シャーベット,0.009,0.01,0.287,2020/8/4,2020/8/4
1326,チーズホエーパウダー,0.125,0.012,0.77,2020/8/4,2020/8/4
1327,やぎ乳,0.031,0.036,0.045,2020/8/4,2020/8/4
1328, あまに油,0,1,0,2020/8/4,2020/8/4
1329, えごま油,0,1,0,2020/8/4,2020/8/4
1330, オリーブ油,0,1,0,2020/8/4,2020/8/4
1331, ごま油,0,1,0,2020/8/4,2020/8/4
1332, 米ぬか油,0,1,0,2020/8/4,2020/8/4
1333, ハイオレイック べにばな油,0,1,0,2020/8/4,2020/8/4
1334, ハイリノール べにばな油,0,1,0,2020/8/4,2020/8/4
1335, 大豆油,0,1,0,2020/8/4,2020/8/4
1336, 調合油,0,1,0,2020/8/4,2020/8/4
1337, とうもろこし油,0,1,0,2020/8/4,2020/8/4
1338, なたね油,0,1,0,2020/8/4,2020/8/4
1339, パーム油,0,1,0,2020/8/4,2020/8/4
1340, ハイリノール ひまわり油,0,1,0,2020/8/4,2020/8/4
1341, ミッドオレイック ひまわり油,0,1,0,2020/8/4,2020/8/4
1342, ハイオレイック ひまわり油,0,1,0,2020/8/4,2020/8/4
1343, ぶどう油,0,1,0,2020/8/4,2020/8/4
1344, 綿実油,0,1,0,2020/8/4,2020/8/4
1345, やし油,0,1,0,2020/8/4,2020/8/4
1346, 落花生油,0,1,0,2020/8/4,2020/8/4
1347, 牛脂,0.002,0.998,0,2020/8/4,2020/8/4
1348, ラード,0,1,0,2020/8/4,2020/8/4
1349,バター,0.006,0.81,0.002,2020/8/4,2020/8/4
1350, 食塩不使用バター,0.005,0.83,0.002,2020/8/4,2020/8/4
1351, 発酵バター,0.006,0.8,0.044,2020/8/4,2020/8/4
1352,ソフトタイプマーガリン,0.004,0.831,0.004,2020/8/4,2020/8/4
1353, ファットスプレッド,0.002,0.691,0,2020/8/4,2020/8/4
1354,ショートニング,0,0.999,0,2020/8/4,2020/8/4
1355,甘納豆(あずき),0.056,0.006,0.671,2020/8/4,2020/8/4
1356,甘納豆(いんげんまめ),0.055,0.011,0.676,2020/8/4,2020/8/4
1357,甘納豆(えんどう),0.052,0.01,0.701,2020/8/4,2020/8/4
1358,今川焼,0.045,0.01,0.485,2020/8/4,2020/8/4
1359,大判焼(ういろう),0.011,0.002,0.441,2020/8/4,2020/8/4
1360,大判焼(うぐいすもち),0.036,0.004,0.557,2020/8/4,2020/8/4
1361,かしわもち,0.04,0.004,0.467,2020/8/4,2020/8/4
1362,カステラ,0.062,0.046,0.632,2020/8/4,2020/8/4
1363,かのこ,0.048,0.004,0.604,2020/8/4,2020/8/4
1364,かるかん,0.021,0.003,0.547,2020/8/4,2020/8/4
1365,きび団子,0.017,0.003,0.735,2020/8/4,2020/8/4
1366,ぎゅうひ,0.013,0.002,0.625,2020/8/4,2020/8/4
1367,きりざんしょ,0.021,0.003,0.593,2020/8/4,2020/8/4
1368,きんぎょく糖,0,0,0.72,2020/8/4,2020/8/4
1369,きんつば,0.06,0.007,0.586,2020/8/4,2020/8/4
1370,草もち,0.042,0.004,0.521,2020/8/4,2020/8/4
1371,団子(あん),0.038,0.004,0.455,2020/8/4,2020/8/4
1372,みたらし団子,0.031,0.004,0.452,2020/8/4,2020/8/4
1373,くずもち,0.001,0.001,0.225,2020/8/4,2020/8/4
1374,げっぺい,0.052,0.087,0.645,2020/8/4,2020/8/4
1375,五平もち,0.03,0.005,0.41,2020/8/4,2020/8/4
1376,桜もち,0.045,0.004,0.543,2020/8/4,2020/8/4
1377,道明寺,0.034,0.002,0.461,2020/8/4,2020/8/4
1378,笹だんご,0.039,0.005,0.547,2020/8/4,2020/8/4
1379,大福もち,0.048,0.005,0.528,2020/8/4,2020/8/4
1380,タルト（和菓子）,0.059,0.029,0.608,2020/8/4,2020/8/4
1381,ちまき,0.013,0.002,0.364,2020/8/4,2020/8/4
1382,ちゃつう,0.062,0.041,0.665,2020/8/4,2020/8/4
1383,どら焼,0.066,0.025,0.587,2020/8/4,2020/8/4
1384,生八つ橋,0.045,0.004,0.643,2020/8/4,2020/8/4
1385,ねりきり,0.053,0.003,0.601,2020/8/4,2020/8/4
1386,カステラまんじゅう,0.066,0.016,0.634,2020/8/4,2020/8/4
1387,くずまんじゅう,0.031,0.002,0.514,2020/8/4,2020/8/4
1388,くりまんじゅう,0.06,0.013,0.682,2020/8/4,2020/8/4
1389,とうまんじゅう,0.062,0.021,0.634,2020/8/4,2020/8/4
1390,蒸しまんじゅう,0.049,0.004,0.592,2020/8/4,2020/8/4
1391,あんまん,0.061,0.057,0.511,2020/8/4,2020/8/4
1392,肉まん,0.1,0.051,0.435,2020/8/4,2020/8/4
1393,もなか,0.048,0.004,0.656,2020/8/4,2020/8/4
1394,ゆべし,0.024,0.035,0.712,2020/8/4,2020/8/4
1395,練りようかん,0.036,0.002,0.7,2020/8/4,2020/8/4
1396,水ようかん,0.026,0.001,0.4,2020/8/4,2020/8/4
1397,蒸しようかん,0.044,0.003,0.554,2020/8/4,2020/8/4
1398,あめ玉,0,0,0.975,2020/8/4,2020/8/4
1399,芋かりんとう,0.014,0.205,0.713,2020/8/4,2020/8/4
1400,おこし,0.038,0.008,0.901,2020/8/4,2020/8/4
1401,おのろけ豆,0.117,0.135,0.698,2020/8/4,2020/8/4
1402,かりんとう(黒),0.076,0.116,0.763,2020/8/4,2020/8/4
1403,かりんとう(白),0.097,0.112,0.762,2020/8/4,2020/8/4
1404,ごかぼう,0.107,0.064,0.716,2020/8/4,2020/8/4
1405,磯部せんべい,0.043,0.008,0.893,2020/8/4,2020/8/4
1406,かわらせんべい,0.075,0.035,0.84,2020/8/4,2020/8/4
1407,巻きせんべい,0.043,0.014,0.903,2020/8/4,2020/8/4
1408,南部せんべい(ごま),0.112,0.108,0.723,2020/8/4,2020/8/4
1409,南部せんべい(落花生),0.117,0.096,0.738,2020/8/4,2020/8/4
1410,しおがま,0.027,0.003,0.854,2020/8/4,2020/8/4
1411,ひなあられ(関東風),0.051,0.043,0.853,2020/8/4,2020/8/4
1412,ひなあられ(関西風),0.077,0.031,0.846,2020/8/4,2020/8/4
1413,揚げせんべい,0.057,0.175,0.712,2020/8/4,2020/8/4
1414,甘辛せんべい,0.067,0.009,0.863,2020/8/4,2020/8/4
1415,あられ,0.079,0.014,0.842,2020/8/4,2020/8/4
1416,しょうゆせんべい,0.078,0.01,0.831,2020/8/4,2020/8/4
1417,たまごボーロ,0.025,0.022,0.904,2020/8/4,2020/8/4
1418,そばボーロ,0.077,0.034,0.861,2020/8/4,2020/8/4
1419,松風,0.04,0.007,0.897,2020/8/4,2020/8/4
1420,みしま豆,0.124,0.087,0.756,2020/8/4,2020/8/4
1421,八つ橋,0.033,0.005,0.942,2020/8/4,2020/8/4
1422,らくがん,0.024,0.002,0.943,2020/8/4,2020/8/4
1423,麦らくがん,0.047,0.018,0.904,2020/8/4,2020/8/4
1424,もろこしらくがん,0.073,0.003,0.893,2020/8/4,2020/8/4
1425,揚げパン,0.087,0.187,0.435,2020/8/4,2020/8/4
1426,あんパン,0.079,0.053,0.502,2020/8/4,2020/8/4
1427,あんパン(薄皮),0.066,0.024,0.528,2020/8/4,2020/8/4
1428,カレーパン,0.066,0.183,0.323,2020/8/4,2020/8/4
1429,クリームパン,0.103,0.109,0.414,2020/8/4,2020/8/4
1430,クリームパン(薄皮),0.066,0.08,0.323,2020/8/4,2020/8/4
1431,ジャムパン,0.066,0.058,0.545,2020/8/4,2020/8/4
1432,チョココロネ,0.071,0.153,0.428,2020/8/4,2020/8/4
1433,チョコパン(薄皮),0.055,0.187,0.395,2020/8/4,2020/8/4
1434,メロンパン,0.08,0.105,0.599,2020/8/4,2020/8/4
1435,シュークリーム,0.06,0.113,0.256,2020/8/4,2020/8/4
1436,スポンジケーキ,0.081,0.056,0.538,2020/8/4,2020/8/4
1437,ショートケーキ(果実なし),0.071,0.138,0.436,2020/8/4,2020/8/4
1438,タルト（洋菓子）,0.042,0.132,0.314,2020/8/4,2020/8/4
1439,ベイクドチーズケーキ,0.085,0.212,0.233,2020/8/4,2020/8/4
1440,レアチーズケーキ,0.058,0.28,0.221,2020/8/4,2020/8/4
1441,デニッシュペストリー,0.07,0.247,0.417,2020/8/4,2020/8/4
1442,イーストドーナッツ,0.072,0.202,0.439,2020/8/4,2020/8/4
1443,ケーキドーナッツ,0.072,0.117,0.602,2020/8/4,2020/8/4
1444,パイ皮,0.077,0.337,0.252,2020/8/4,2020/8/4
1445,アップルパイ,0.04,0.175,0.327,2020/8/4,2020/8/4
1446,ミートパイ,0.099,0.299,0.22,2020/8/4,2020/8/4
1447,バターケーキ,0.058,0.254,0.479,2020/8/4,2020/8/4
1448,ホットケーキ,0.077,0.054,0.452,2020/8/4,2020/8/4
1449,ワッフル(カスタードクリーム),0.073,0.079,0.381,2020/8/4,2020/8/4
1450,ワッフル(ジャム),0.048,0.042,0.573,2020/8/4,2020/8/4
1451,カスタードプリン,0.055,0.05,0.147,2020/8/4,2020/8/4
1452,牛乳寒天,0.011,0.013,0.122,2020/8/4,2020/8/4
1453,オレンジゼリー,0.021,0.001,0.198,2020/8/4,2020/8/4
1454,コーヒーゼリー,0.016,0,0.104,2020/8/4,2020/8/4
1455,ミルクゼリー,0.043,0.037,0.144,2020/8/4,2020/8/4
1456,ワインゼリー,0.017,0,0.133,2020/8/4,2020/8/4
1457,ババロアゼリー,0.056,0.128,0.2,2020/8/4,2020/8/4
1458,ウエハース,0.076,0.136,0.753,2020/8/4,2020/8/4
1459,ウエハース(クリーム),0.059,0.22,0.694,2020/8/4,2020/8/4
1460,オイルスプレークラッカー,0.085,0.225,0.639,2020/8/4,2020/8/4
1461,ソーダクラッカー,0.104,0.098,0.744,2020/8/4,2020/8/4
1462,サブレ,0.061,0.165,0.73,2020/8/4,2020/8/4
1463,中華風クッキー,0.051,0.295,0.619,2020/8/4,2020/8/4
1464,ハードビスケット,0.076,0.1,0.778,2020/8/4,2020/8/4
1465,ソフトビスケット,0.057,0.276,0.626,2020/8/4,2020/8/4
1466,プレッツェル,0.099,0.186,0.682,2020/8/4,2020/8/4
1467,リーフパイ,0.058,0.356,0.558,2020/8/4,2020/8/4
1468,ロシアケーキ,0.057,0.236,0.657,2020/8/4,2020/8/4
1469,小麦粉あられ,0.076,0.195,0.688,2020/8/4,2020/8/4
1470,コーンスナック,0.052,0.271,0.653,2020/8/4,2020/8/4
1471,ポテトチップス,0.047,0.352,0.547,2020/8/4,2020/8/4
1472,かわり玉,0,0,0.995,2020/8/4,2020/8/4
1473,キャラメル,0.04,0.117,0.779,2020/8/4,2020/8/4
1474,ゼリーキャンデー,0,0,0.84,2020/8/4,2020/8/4
1475,ゼリービーンズ,0.001,0,0.903,2020/8/4,2020/8/4
1476,ドロップ,0,0,0.98,2020/8/4,2020/8/4
1477,バタースコッチ,0,0.065,0.911,2020/8/4,2020/8/4
1478,ブリットル,0.133,0.265,0.573,2020/8/4,2020/8/4
1479,マシュマロ,0.022,0,0.793,2020/8/4,2020/8/4
1480,ラムネ,0,0.005,0.922,2020/8/4,2020/8/4
1481,アーモンドチョコレート,0.114,0.404,0.433,2020/8/4,2020/8/4
1482,カバーリングチョコレート,0.07,0.254,0.634,2020/8/4,2020/8/4
1483,ホワイトチョコレート,0.072,0.395,0.509,2020/8/4,2020/8/4
1484,ミルクチョコレート,0.069,0.341,0.558,2020/8/4,2020/8/4
1485,マロングラッセ,0.011,0.003,0.774,2020/8/4,2020/8/4
1486,板ガム,0,0,0.969,2020/8/4,2020/8/4
1487,糖衣ガム,0,0,0.976,2020/8/4,2020/8/4
1488,チューインガム,0,0,0.967,2020/8/4,2020/8/4
1489,カスタードクリーム,0.051,0.075,0.249,2020/8/4,2020/8/4
1490,しるこ(こしあん),0.047,0.003,0.487,2020/8/4,2020/8/4
1491,しるこ(つぶしあん),0.042,0.005,0.405,2020/8/4,2020/8/4
1492,日本酒,0.004,0,0.049,2020/8/4,2020/8/4
1493,純米酒,0.004,0,0.036,2020/8/4,2020/8/4
1494,本醸造酒,0.004,0,0.045,2020/8/4,2020/8/4
1495,吟醸酒,0.003,0,0.036,2020/8/4,2020/8/4
1496,純米吟醸酒,0.004,0,0.041,2020/8/4,2020/8/4
1497,ビール,0.003,0,0.031,2020/8/4,2020/8/4
1498,黒ビール,0.004,0,0.036,2020/8/4,2020/8/4
1499,スタウト,0.005,0,0.049,2020/8/4,2020/8/4
1500,発泡酒,0.001,0,0.036,2020/8/4,2020/8/4
1501,白ワイン,0.001,0,0.02,2020/8/4,2020/8/4
1502,赤ワイン,0.002,0,0.015,2020/8/4,2020/8/4
1503,ロゼ,0.001,0,0.04,2020/8/4,2020/8/4
1504,紹興酒,0.017,0,0.051,2020/8/4,2020/8/4
1505,焼酎,0,0,0,2020/8/4,2020/8/4
1506,ウイスキー,0,0,0,2020/8/4,2020/8/4
1507,ブランデー,0,0,0,2020/8/4,2020/8/4
1508,ウオッカ,0,0,0,2020/8/4,2020/8/4
1509,ジン,0,0,0.001,2020/8/4,2020/8/4
1510,ラム酒,0,0,0.001,2020/8/4,2020/8/4
1511,マオタイ酒,0,0,0,2020/8/4,2020/8/4
1512,梅酒,0.001,0,0.207,2020/8/4,2020/8/4
1513,合成清酒,0.001,0,0.053,2020/8/4,2020/8/4
1514,白酒,0.019,0,0.481,2020/8/4,2020/8/4
1515,本みりん,0.003,0,0.432,2020/8/4,2020/8/4
1516,本直し,0.001,0,0.144,2020/8/4,2020/8/4
1517,薬味酒,0,0,0.268,2020/8/4,2020/8/4
1518,キュラソー,0,0,0.264,2020/8/4,2020/8/4
1519,スイートワイン,0.001,0,0.134,2020/8/4,2020/8/4
1520,ペパーミント,0,0,0.376,2020/8/4,2020/8/4
1521,ベルモット(甘口),0.001,0,0.164,2020/8/4,2020/8/4
1522,ベルモット(辛口),0.001,0,0.037,2020/8/4,2020/8/4
1523,玉露(葉),0.291,0.041,0.439,2020/8/4,2020/8/4
1524,玉露,0.013,0,0,2020/8/4,2020/8/4
1525,抹茶,0.296,0.053,0.395,2020/8/4,2020/8/4
1526,せん茶(葉),0.245,0.047,0.477,2020/8/4,2020/8/4
1527,せん茶,0.002,0,0.002,2020/8/4,2020/8/4
1528,茶,0.001,0,0,2020/8/4,2020/8/4
1529,番茶,0,0,0.001,2020/8/4,2020/8/4
1530,ほうじ茶,0,0,0.001,2020/8/4,2020/8/4
1531,玄米茶,0,0,0,2020/8/4,2020/8/4
1532,ウーロン茶,0,0,0.001,2020/8/4,2020/8/4
1533,紅茶(葉),0.203,0.025,0.517,2020/8/4,2020/8/4
1534,紅茶,0.001,0,0.001,2020/8/4,2020/8/4
1535,コーヒー,0.002,0,0.007,2020/8/4,2020/8/4
1536,インスタントコーヒー,0.147,0.003,0.565,2020/8/4,2020/8/4
1537,珈琲牛乳,0.007,0.003,0.082,2020/8/4,2020/8/4
1538,ピュアココア,0.185,0.216,0.424,2020/8/4,2020/8/4
1539,ミルクココア,0.074,0.068,0.804,2020/8/4,2020/8/4
1540,ケール,0.138,0.044,0.702,2020/8/4,2020/8/4
1541,甘酒,0.017,0.001,0.183,2020/8/4,2020/8/4
1542,昆布茶,0.057,0.004,0.423,2020/8/4,2020/8/4
1543,スポーツドリンク,0,0,0.051,2020/8/4,2020/8/4
1544,ジンジャーエール,0,0,0.128,2020/8/4,2020/8/4
1545,コーラ,0.001,0,0.114,2020/8/4,2020/8/4
1546,サイダー,0,0,0.102,2020/8/4,2020/8/4
1547,ノンアルコールビール,0.001,0,0.012,2020/8/4,2020/8/4
1548,麦茶,0,0,0.003,2020/8/4,2020/8/4
1549,ウスターソース,0.01,0.001,0.268,2020/8/4,2020/8/4
1550,中濃ソース,0.008,0.001,0.308,2020/8/4,2020/8/4
1551,濃厚ソース,0.009,0.001,0.309,2020/8/4,2020/8/4
1552,お好み焼きソース,0.016,0.001,0.343,2020/8/4,2020/8/4
1553,トウバンジャン,0.02,0.023,0.079,2020/8/4,2020/8/4
1554,チリペッパーソース,0.007,0.005,0.052,2020/8/4,2020/8/4
1555,ラー油,0.001,0.998,0,2020/8/4,2020/8/4
1556,こいくちしょうゆ,0.077,0,0.101,2020/8/4,2020/8/4
1557,うすくちしょうゆ,0.057,0,0.078,2020/8/4,2020/8/4
1558,たまりしょうゆ,0.118,0,0.159,2020/8/4,2020/8/4
1559,さいしこみしょうゆ,0.096,0,0.159,2020/8/4,2020/8/4
1560,しろしょうゆ,0.025,0,0.192,2020/8/4,2020/8/4
1561,減塩しょうゆ、こいくち,0.081,0,0.09,2020/8/4,2020/8/4
1562,だししょうゆ,0.04,0,0.052,2020/8/4,2020/8/4
1563,照りしょうゆ,0.024,0,0.363,2020/8/4,2020/8/4
1564,食塩,0,0,0,2020/8/4,2020/8/4
1565,あら塩,0,0,0,2020/8/4,2020/8/4
1566,精製塩,0,0,0,2020/8/4,2020/8/4
1567,黒酢,0.01,0,0.09,2020/8/4,2020/8/4
1568,穀物酢,0.001,0,0.024,2020/8/4,2020/8/4
1569,米酢,0.002,0,0.074,2020/8/4,2020/8/4
1570,バルサミコ酢,0.005,0,0.194,2020/8/4,2020/8/4
1571,ワインビネガー,0.001,0,0.012,2020/8/4,2020/8/4
1572,りんご酢,0.001,0,0.024,2020/8/4,2020/8/4
1573,かつおだし,0.005,0.001,0,2020/8/4,2020/8/4
1574,昆布だし,0.001,0,0.009,2020/8/4,2020/8/4
1575,かつお・昆布だし,0.003,0,0.003,2020/8/4,2020/8/4
1576,しいたけだし,0.001,0,0.009,2020/8/4,2020/8/4
1577,煮干しだし,0.001,0.001,0,2020/8/4,2020/8/4
1578,鳥がらだし,0.011,0.002,0,2020/8/4,2020/8/4
1579,中華だし,0.008,0,0,2020/8/4,2020/8/4
1580,洋風だし,0.013,0,0.003,2020/8/4,2020/8/4
1581,固形ブイヨン,0.07,0.043,0.421,2020/8/4,2020/8/4
1582,顆粒おでん用,0.096,0.001,0.322,2020/8/4,2020/8/4
1583,顆粒中華だし,0.126,0.016,0.366,2020/8/4,2020/8/4
1584,顆粒和風だし,0.242,0.003,0.311,2020/8/4,2020/8/4
1585,めんつゆ(ストレート),0.022,0,0.087,2020/8/4,2020/8/4
1586,めんつゆ(三倍濃厚),0.045,0,0.2,2020/8/4,2020/8/4
1587,甘酢,0.001,0,0.284,2020/8/4,2020/8/4
1588,エビチリの素,0.012,0.014,0.095,2020/8/4,2020/8/4
1589,オイスターソース,0.077,0.003,0.183,2020/8/4,2020/8/4
1590,黄身酢,0.065,0.13,0.203,2020/8/4,2020/8/4
1591,ごま酢,0.04,0.08,0.302,2020/8/4,2020/8/4
1592,ごまだれ,0.074,0.141,0.301,2020/8/4,2020/8/4
1593,三杯酢,0.009,0,0.181,2020/8/4,2020/8/4
1594,二杯酢,0.035,0,0.086,2020/8/4,2020/8/4
1595,すし酢(ちらし・稲荷用),0.001,0,0.349,2020/8/4,2020/8/4
1596,すし酢(にぎり用),0.002,0,0.143,2020/8/4,2020/8/4
1597,すし酢(巻き寿司・箱寿司用),0.001,0,0.238,2020/8/4,2020/8/4
1598,中華風合わせ酢,0.03,0.034,0.256,2020/8/4,2020/8/4
1599,デミグラスソース,0.029,0.03,0.11,2020/8/4,2020/8/4
1600,テンメンジャン,0.085,0.077,0.381,2020/8/4,2020/8/4
1601,ナンプラー,0.091,0.001,0.027,2020/8/4,2020/8/4
1602,冷やし中華のたれ,0.026,0.015,0.075,2020/8/4,2020/8/4
1603,ホワイトソース,0.018,0.062,0.092,2020/8/4,2020/8/4
1604,ぽん酢しょうゆ,0.034,0.001,0.082,2020/8/4,2020/8/4
1605,マーボー豆腐の素,0.042,0.063,0.104,2020/8/4,2020/8/4
1606,マリネ液,0.001,0,0.109,2020/8/4,2020/8/4
1607,ミートソース,0.038,0.05,0.101,2020/8/4,2020/8/4
1608,焼き鳥のたれ,0.032,0,0.296,2020/8/4,2020/8/4
1609,焼き肉のたれ,0.043,0.022,0.331,2020/8/4,2020/8/4
1610,みたらしのたれ,0.009,0,0.31,2020/8/4,2020/8/4
1611,ゆずこしょう,0.013,0.008,0.093,2020/8/4,2020/8/4
1612,トマトピューレー,0.019,0.001,0.099,2020/8/4,2020/8/4
1613,トマトペースト,0.038,0.001,0.22,2020/8/4,2020/8/4
1614,トマトケチャップ,0.017,0,0.274,2020/8/4,2020/8/4
1615,トマトソース,0.02,0.002,0.085,2020/8/4,2020/8/4
1616,チリソース,0.018,0.001,0.263,2020/8/4,2020/8/4
1617,和風ノンオイルドレッシング,0.031,0.001,0.161,2020/8/4,2020/8/4
1618,フレンチドレッシング,0.001,0.419,0.059,2020/8/4,2020/8/4
1619,和風ドレッシング,0.022,0.184,0.051,2020/8/4,2020/8/4
1620,ごまドレッシング,0.085,0.263,0.212,2020/8/4,2020/8/4
1621,サウザンアイランドドレッシング,0.01,0.414,0.092,2020/8/4,2020/8/4
1622,マヨネーズ,0.015,0.753,0.045,2020/8/4,2020/8/4
1623,マヨネーズ(卵黄),0.028,0.723,0.017,2020/8/4,2020/8/4
1624,マヨネーズ(低カロリ－),0.029,0.283,0.033,2020/8/4,2020/8/4
1625,甘みそ,0.097,0.03,0.379,2020/8/4,2020/8/4
1626,淡色辛みそ,0.125,0.06,0.219,2020/8/4,2020/8/4
1627,赤色辛みそ,0.131,0.055,0.211,2020/8/4,2020/8/4
1628,麦みそ,0.097,0.043,0.3,2020/8/4,2020/8/4
1629,豆みそ,0.172,0.105,0.145,2020/8/4,2020/8/4
1630,減塩みそ,0.108,0.057,0.245,2020/8/4,2020/8/4
1631,だし入りみそ,0.132,0.057,0.224,2020/8/4,2020/8/4
1632,インスタントみそ汁(粉末),0.219,0.093,0.43,2020/8/4,2020/8/4
1633,インスタントみそ汁(ペースト),0.089,0.037,0.154,2020/8/4,2020/8/4
1634,辛子酢みそ,0.05,0.021,0.446,2020/8/4,2020/8/4
1635,ごまみそ,0.094,0.099,0.329,2020/8/4,2020/8/4
1636,酢みそ,0.049,0.015,0.448,2020/8/4,2020/8/4
1637,練りみそ,0.055,0.017,0.59,2020/8/4,2020/8/4
1638,カレールウ,0.065,0.341,0.447,2020/8/4,2020/8/4
1639,ハヤシルウ,0.058,0.332,0.475,2020/8/4,2020/8/4
1640,酒かす,0.149,0.015,0.238,2020/8/4,2020/8/4
1641,即席すまし汁,0.181,0.008,0.309,2020/8/4,2020/8/4
1642,みりん風調味料,0.001,0,0.549,2020/8/4,2020/8/4
1643,オールスパイス,0.056,0.056,0.752,2020/8/4,2020/8/4
1644,オニオンパウダー,0.088,0.011,0.798,2020/8/4,2020/8/4
1645,粉からし,0.33,0.143,0.437,2020/8/4,2020/8/4
1646,練りからし,0.059,0.145,0.401,2020/8/4,2020/8/4
1647,練りマスタード,0.048,0.106,0.131,2020/8/4,2020/8/4
1648,粒入りマスタード,0.076,0.16,0.127,2020/8/4,2020/8/4
1649,カレー粉,0.13,0.122,0.633,2020/8/4,2020/8/4
1650,クローブ,0.072,0.136,0.664,2020/8/4,2020/8/4
1651,黒こしょう,0.11,0.06,0.666,2020/8/4,2020/8/4
1652,白こしょう,0.101,0.064,0.701,2020/8/4,2020/8/4
1653,こしょう(混合),0.106,0.062,0.683,2020/8/4,2020/8/4
1654,さんしょう,0.103,0.062,0.696,2020/8/4,2020/8/4
1655,シナモン,0.036,0.035,0.796,2020/8/4,2020/8/4
1656,しょうが,0.078,0.049,0.725,2020/8/4,2020/8/4
1657,おろししょうが,0.007,0.006,0.086,2020/8/4,2020/8/4
1658,セージ,0.064,0.101,0.669,2020/8/4,2020/8/4
1659,タイム,0.065,0.052,0.698,2020/8/4,2020/8/4
1660,チリパウダー,0.15,0.082,0.601,2020/8/4,2020/8/4
1661,粉とうがらし,0.162,0.097,0.668,2020/8/4,2020/8/4
1662,ナツメグ,0.057,0.385,0.475,2020/8/4,2020/8/4
1663,ガーリックパウダー(食塩無添加),0.199,0.008,0.738,2020/8/4,2020/8/4
1664,ガーリックパウダー(食塩添加),0.199,0.008,0.738,2020/8/4,2020/8/4
1665,おろしにんにく,0.047,0.005,0.37,2020/8/4,2020/8/4
1666,バジル,0.211,0.022,0.506,2020/8/4,2020/8/4
1667,パセリ(乾),0.287,0.022,0.516,2020/8/4,2020/8/4
1668,パプリカパウダー,0.155,0.116,0.556,2020/8/4,2020/8/4
1669,粉わさび,0.165,0.044,0.697,2020/8/4,2020/8/4
1670,練りわさび,0.033,0.103,0.398,2020/8/4,2020/8/4
1671,パン酵母(圧搾),0.165,0.015,0.121,2020/8/4,2020/8/4
1672,パン酵母(乾燥),0.371,0.068,0.431,2020/8/4,2020/8/4
1673,天ぷら用バッター,0.034,0.005,0.297,2020/8/4,2020/8/4
1674,ベーキングパウダー,0,0.012,0.29,2020/8/4,2020/8/4
1675, ビーフカレー(レトルト),0.033,0.073,0.098,2020/8/4,2020/8/4
1676, 冷凍ぎょうざ,0.071,0.081,0.238,2020/8/4,2020/8/4
1677, 冷凍グラタン,0.048,0.067,0.133,2020/8/4,2020/8/4
1678, コーンスープ(粉末),0.081,0.137,0.674,2020/8/4,2020/8/4
1679,コーンスープ (レトルト),0.02,0.048,0.086,2020/8/4,2020/8/4
1680, クリームコロッケ(冷凍),0.051,0.162,0.225,2020/8/4,2020/8/4
1681,コロッケ(冷凍),0.046,0.176,0.256,2020/8/4,2020/8/4
1682,いかフライ(冷凍),0.121,0.203,0.245,2020/8/4,2020/8/4
1683,えびフライ(冷凍),0.091,0.203,0.181,2020/8/4,2020/8/4
1684,白身フライ(冷凍),0.097,0.218,0.162,2020/8/4,2020/8/4
1685, ビーフシチュー(レトルト),0.06,0.072,0.074,2020/8/4,2020/8/4
1686, 冷凍しゅうまい,0.093,0.112,0.193,2020/8/4,2020/8/4
1687, 冷凍ハンバーグ,0.133,0.134,0.123,2020/8/4,2020/8/4
1688, 冷凍ピラフ,0.038,0.028,0.301,2020/8/4,2020/8/4
1689, ミートボール(冷凍),0.117,0.164,0.125,2020/8/4,2020/8/4
1690,メンチカツ(冷凍),0.094,0.203,0.218,2020/8/4,2020/8/4
1691,とんかつ,0.22,0.359,0.098,2020/8/4,2020/8/4
1692, お茶漬け(さけ),0.203,0.037,0.374,2020/8/4,2020/8/4
1693, ふりかけ(たまご),0.234,0.219,0.399,2020/8/4,2020/8/4
